Name,Email,Phone,Address,City,State,Postal Code,Country,is_subsidiary,parent_company
DPBF,saleem@tecdiary.com,105292122,Taman Desa,Kuala Lumpur,WP,58100,BF,Yes,MEX
MEX P/C DPBF,saleem@tecdiary.com,105292123,Taman Desa,Kuala Lumpur,WP,58100,BF,Yes,MEX
LABOREX BRZ,,,,,,,CG,Yes,LABOREX
LABOREX PNR,,,,,,,CG,Yes,LABOREX
LABOREX CONGO,,,,,,,CG,Yes,LABOREX
Laborex,,,,,,,BF,Yes,LABOREX
TEDIS,,,,,,,BF,Yes,TEDIS
TEDIS C/M BURKINA FASO,,,,,,,BF,Yes,TEDIS
UBIPHARM,,,,,,,BF,Yes,UBIPHARM
PLANETPHARMA S.A.    BF,,,,,,,BF,Yes,PLANETPHARMA
LABOREX BRZ,,,,,,,CG,Yes,LABOREX
LABOREX BRZ,,,,,,,CG,Yes,LABOREX
LABOREX PNR,,,,,,,CG,Yes,LABOREX
LABOREX POINTE NOIRE,,,,,,,CG,Yes,LABOREX
SEP BRZ,,,,,,,CG,Yes,SEP
SOCIETE EQUATORIALE PHARMACEUTIQUE,,,,,,,CG,Yes,SEP
SEP - BRAZZAVILLE,,,,,,,CG,Yes,SEP
SEP PNR,,,,,,,CG,Yes,SEP
UBI BRZ,,,,,,,CG,Yes,UBIPHARM
UBI PNR,,,,,,,CG,Yes,UBIPHARM CONGO
Beker,,,,,,,ET,Yes,BEKER
BEKER GENERAL BUSINESS PLC,,,,,,,ET,Yes,BEKER
DEJEN G/MESKEL BERHE,,,,,,,ET,Yes,DEJEN
Dejen,,,,,,,ET,Yes,DEJEN
Dugda,,,,,,,ET,Yes,DUGDA
DUGDA AGRO INDUSTRY P.L.C,,,,,,,ET,Yes,DUGDA
EBG,,,,,,,ET,Yes,EBG
ECP,,,,,,,GH,Yes,EAST CANTONMENTS PHARMACY
ECP,,,,,,,GH,Yes,EAST CANTONMENTS PHARMACY
EAST CANTONMENTS PHARMACY,,,,,,,GH,Yes,EAST CANTONMENTS PHARMACY
EAST CANTONMENTS PHARMACY LIMITED,,,,,,,GH,Yes,EAST CANTONMENTS PHARMACY
ERNEST CHEMIST,,,,,,,GH,Yes,ERNEST CHEMISTS
ERNEST CHEMISTS LTD,,,,,,,GH,Yes,ERNEST CHEMISTS
GOKALS LABOREX LIMITED,,,,,,,GH,Yes,GOKALS
GOKALS,,,,,,,GH,Yes,GOKALS
OSONS CHEMIST LTD,,,,,,,GH,Yes,OSONS
OSONS CHEMISTS LIMITED,,,,,,,GH,Yes,OSONS
OSONS,,,,,,,GH,Yes,OSONS
REISS & CO,,,,,,,GH,Yes,REISS & CO LTD
REISS & CO (GHANA) LIMITED,,,,,,,GH,Yes,REISS & CO LTD
REISS & CO (GHANA) LTD,,,,,,,GH,Yes,REISS & CO LTD
UNICHEM GH. LTD,,,,,,,GH,Yes,UNICHEM
UNICHEM,,,,,,,GH,Yes,UNICHEM
WHL,,,,,,,GH,Yes,WORLDWIDE HEALTHCARE LTD
Laborex,,,,,,,GN,Yes,LABOREX
LABOREX GUINEE,,,,,,,GN,Yes,LABOREX
SGIP,,,,,,,GN,Yes,SOGUIMAP
SOGUIMAP,,,,,,,GN,Yes,SOGUIMAP
SODIPH,,,,,,,GN,Yes,SODIPHARM
SODIPHARM  S.A.,,,,,,,GN,Yes,SODIPHARM
Harleys,,,,,,,KE,Yes,HARLEYS
HARLEYS LIMITED,,,,,,,KE,Yes,HARLEYS
Highchem,,,,,,,KE,Yes,HIGHCHEM
HIGHCHEM MARKETING LIMITED,,,,,,,KE,Yes,HIGHCHEM
HIGHCHEM MARKETING LTD,,,,,,,KE,Yes,HIGHCHEM
Laborex,,,,,,,KE,Yes,LABOREX
LABOREX KENYA LTD,,,,,,,KE,Yes,LABOREX
LABOREX KENYA,,,,,,,KE,Yes,LABOREX
Surgipharm,,,,,,,KE,Yes,SURGIPHARM
COFARMA,,,,,,,MG,Yes,COFARMA
C O F A R M A,,,,,,,MG,Yes,COFARMA
DROGEMAD,,,,,,,MG,Yes,DROGEMAD
INTERPHARMA,,,,,,,MG,Yes,INTERPHARMA
INTERPHARMA SARL,,,,,,,MG,Yes,INTERPHARMA
MADAPHAR UBIPHARM,,,,,,,MG,Yes,UBIPHARM
UBIPHARM MADAGASCAR SA,,,,,,,MG,Yes,UBIPHARM
MADAPHAR,,,,,,,MG,Yes,MADAPHAR
MADIPHAR,,,,,,,MG,Yes,MADAPHAR
OPHAM,,,,,,,MG,Yes,OPHAM
SOMAPHAR,,,,,,,MG,Yes,SOMAPHAR
SOPHARMAD,,,,,,,MG,Yes,SOPHARMAD
S O P H A R M A D  S.A,,,,,,,MG,Yes,SOPHARMAD
AFRICA,,,,,,,ML,Yes,AFRICA LAB
AFRICA LAB,,,,,,,ML,Yes,AFRICA LAB
CAMED,,,,,,,ML,Yes,CAMED
COPHAR,,,,,,,ML,Yes,COPHARMA
COPHARMA-UBIPHARM,,,,,,,ML,Yes,COPHARMA
Laborex,,,,,,,ML,Yes,LABOREX
LABOREX MALI SA,,,,,,,ML,Yes,LABOREX
CAMEC,,,,,,,MR,Yes,CAMEC
C A M E C,,,,,,,MR,Yes,CAMEC
CHIGHUETTY,,,,,,,MR,Yes,CHIGHUETTY
CHIVA,,,,,,,MR,Yes,CHIVA
CHIVA - MEDICA,,,,,,,MR,Yes,CHIVA
EL EMEL,,,,,,,MR,Yes,EL EMEL
EL EMEL PHARMA SA,,,,,,,MR,Yes,EL EMEL
Laborex,,,,,,,MR,Yes,LABOREX
LABOREX MAURITANIE S.A.,,,,,,,MR,Yes,LABOREX
LABOREX MAURITANIE,,,,,,,MR,Yes,LABOREX
MAURIPHARM,,,,,,,MR,Yes,MAURIPHARM
ORIGINE PH,,,,,,,MR,Yes,ORIGINE PHARMA
ORIGINE PHARMA  S.A.R.L.,,,,,,,MR,Yes,ORIGINE PHARMA
ORIGINE PHARMA,,,,,,,MR,Yes,ORIGINE PHARMA
SOMAPHAR,,,,,,,MR,Yes,SOMAPHAR
ANICHEM,,,,,,,MU,Yes,ANICHEM
Anichem ,,,,,,,MU,Yes,ANICHEM
ANICHEM PHARMACY,,,,,,,MU,Yes,ANICHEM
MSJ,,,,,,,MU,Yes,MSJ
MSJ LTD - UNICORN TRADING,,,,,,,MU,Yes,MSJ
UNICORN (MSJ LTD),,,,,,,MU,Yes,MSJ
PNL,,,,,,,MU,Yes,PHARMACIE  NOUVELLE
Laborex,,,,,,,NE,Yes,LABOREX
LABOREX NIGER,,,,,,,NE,Yes,LABOREX
SAPHAR,,,,,,,NE,Yes,SAPHAR
UBI,,,,,,,NE,Yes,UBIPHARM
BALMTCHAD,,,,,,,TD,Yes,BALMTCHAD
SOCIETE BALM - TCHAD S.A/AG,,,,,,,TD,Yes,BALMTCHAD
Laborex,,,,,,,TD,Yes,LABOREX
LABOREX TCHAD,,,,,,,TD,Yes,LABOREX
MED-PHARMT,,,,,,,TD,Yes,MED
MED PHARMAT,,,,,,,TD,Yes,MED
TCH PHARM,,,,,,,TD,Yes,TCH PHARMA
GTPHARM,,,,,,,TG,Yes,GTPHARM
OCDI,,,,,,,TG,Yes,OCDI
SOCOPH.,,,,,,,TG,Yes,SOCOPH.
SOTOMED,,,,,,,TG,Yes,SOTOMED
UNIPHART,,,,,,,TG,Yes,UNIPHART
Bahari,,,,,,,TZ,Yes,BAHARI
BAHARI PHARMACY LIMITED,,,,,,,TZ,Yes,BAHARI
JD,,,,,,,TZ,Yes,JD PHARMACY
J.D. PHARMACY LTD,,,,,,,TZ,Yes,JD PHARMACY
Laborex,,,,,,,TZ,Yes,LABOREX
Eris,,,,,,,UG,Yes,ERIS
ERIS  LTD,,,,,,,UG,Yes,ERIS
Laborex,,,,,,,UG,Yes,LABOREX
LifePharma,,,,,,,UG,Yes,LIFEPHARMA
Surgipharm,,,,,,,UG,Yes,SURGIPHARM
UBIPHARM,,,,,,,BF,Yes,UBIPHARM
TEDIS  BURKINA        CL,,,,,,,BF,Yes,TEDIS
CHIMIO,,,,,,,BI,Yes,CHIMIO
CHIMIO S.A.,,,,,,,BI,Yes,CHIMIO
ALCHEM INDUSTRIES,,,,,,,BI,Yes,ALCHEM
IBIS PHARMA / BURUNDI         CL,,,,,,,BI,Yes,IBIS PHARMA
MULTIPHAR (PHARMACIE DE GROS),,,,,,,BI,Yes,MULTIPHAR
GAPOB,,,,,,,BJ,Yes,GAPOB
U.B. PHAR S.A.,,,,,,,BJ,Yes,U.B. PHAR S.A.
PROMO PHARMA,,,,,,,BJ,Yes,PROMO PHARMA
PROMO-PHARMA SA,,,,,,,BJ,Yes,PROMO PHARMA
PHARMACIE DE LA NOBLESSE,,,,,,,CD,Yes,PHARMACIE DE LA NOBLESSE
AUXI-EXPORT / RDC        CL,,,,,,,CD,Yes,AUXI EXPORT
DEPOT PHARMACEUTIQUE EXTRA PLUS,,,,,,,CD,Yes,DEPOT PHARMACEUTIQUE EXTRA PLUS
CONCORD CONGO,,,,,,,CD,Yes,CONCORD
CONCORD CONGO S.P.R.L.,,,,,,,CD,Yes,CONCORD
COGEZAF / RDC        CL,,,,,,,CD,Yes,COGEZAF
COGEZAF S.A.,,,,,,,CD,Yes,COGEZAF
IBIS PHARMA / RDC           CL,,,,,,,CD,Yes,IBIS PHARMA
DEPOT PHARMACEUTIQUE SAINT SAUVEUR,,,,,,,CD,Yes,DEPOT PHARMACEUTIQUE SAINT SAUVEUR
SODIPHARM,,,,,,,GN,Yes,SODIPHARM
SOGUIMED-UBIPHARM GUINEE,,,,,,,GN,Yes,UBIPHARM
NAP PHARMA  sarl,,,,,,,GN,Yes,NAP PHARMA
PROCHIPHAR / GUINEE      CL,,,,,,,GN,Yes,PROCHIPHAR
TEDIS/ GUINEE       CL,,,,,,,GN,Yes,TEDIS
KALOUM PHARMA SARL,,,,,,,GN,Yes,KALOUM PHARMA
AMIALSAR  SARL,,,,,,,GN,Yes,AMIALSAR 
FEELA PHARMA,,,,,,,GN,Yes,FEELA PHARMA
PHARMA GROUPE INTERNATIONAL PGI,,,,,,,GN,Yes,PHARMA GROUPE INTERNATIONAL PGI
SOMAPHAR PLATEFORME,,,,,,,MG,Yes,SOMAPHAR
DICOPROPHAGI SARL,,,,,,,MG,Yes,DICOPROPHAGI
LABOREX MALI,,,,,,,ML,Yes,LABOREX
TEDIS,,,,,,,ML,Yes,TEDIS
SOMAPHAR MR,,,,,,,MR,Yes,SOMAPHAR
G.C. PHARMA,,,,,,,MR,Yes,G.C. PHARMA
G. C. PHARMA,,,,,,,MR,Yes,G.C. PHARMA
G.C. PHARMA,,,,,,,MR,Yes,G.C. PHARMA
EL WATANIYA PHARMA SARL,,,,,,,MR,Yes,EL WATANIYA PHARMA
ESSALAMA PHARMA,,,,,,,MR,Yes,ESSALAMA
SALAMA,,,,,,,MR,Yes,SALAMA
GKDIS PHARMA,,,,,,,MR,Yes,GKDIS PHARMA
W PHARMA,,,,,,,MR,Yes,W PHARMA
BARAKATT MEDICAL,,,,,,,MR,Yes,BARAKATT MEDICAL
RAHMA PHARMA SA,,,,,,,MR,Yes,RAHMA PHARMA
SNIM,,,,,,,MR,Yes,SNIM
ESSIHA AVIA PHARMA,,,,,,,MR,Yes,ESSIHA AVIA PHARMA
MAURIMED SA,,,,,,,MR,Yes,MAURIMED
MAURI-MED,,,,,,,MR,Yes,MAURIMED
GROUPE AL RAHAMA MEDICAL (GAM PHARMA),,,,,,,TD,Yes,GAM PHARMA
UNIPHART S.A.,,,,,,,TG,Yes,UNIPHART
TEDIS PHARMA TOGO,,,,,,,TG,Yes,TEDIS
UNIPHART,,,,,,,TG,Yes,UNIPHART
COMPAGNIE PHARMACEUTIQUE AFRICAINE,,,,,,,TG,Yes,COMPAGNIE PHARMACEUTIQUE AFRICAINE
UBIPHARM TOGO SA,,,,,,,TG,Yes,UBIPHARM
SURGIPHARM UGANDA LTD,,,,,,,UG,Yes,SURGIPHARM
HML OUGANDA,,,,,,,UG,Yes,HML
UBIPHARM CONGO,,,,,,,CG,Yes,UBIPHARM CONGO
IBIS PHARMA CONGO CL,,,,,,,CG,Yes,IBIS PHARMA
CENTRAPHARM,,,,,,,CF,Yes,CENTRAPHARM
CENTRAPHARM S.A.,,,,,,,CF,Yes,CENTRAPHARM
TEDIS CI,,,,,,,CI,Yes,TEDIS
TEDIS PHARMA COTE D IVOIRE,,,,,,,CI,Yes,TEDIS
TEDIS COTE D'IVOIRE,,,,,,,CI,Yes,TEDIS
LABOREX CI,,,,,,,CI,Yes,LABOREX
LABOREX ABIDJAN,,,,,,,CI,Yes,LABOREX
DPCI,,,,,,,CI,Yes,MEX
DPCI,,,,,,,CI,Yes,MEX
MEX P/C DPCI RCI,,,,,,,CI,Yes,MEX
MEX P/C  D.P.C.I.,,,,,,,CI,Yes,MEX
LABOREX CI,,,,,,,CI,Yes,LABOREX
LABOREX ABIDJAN YOPOUGON,,,,,,,CI,Yes,LABOREX
COPHARMED,,,,,,,CI,Yes,COPHARMED
NOUVELLE PHARMACIE DE LA SANTE PUBLIQUE,,,,,,,CI,Yes,NOUVELLE PHARMACIE DE LA SANTE PUBLIQUE
SIAP PHARMA,,,,,,,CM,Yes,SIAP PHARMA
PHARMACIE NOUVELLE,,,,,,,DJ,Yes,PHARMACIE NOUVELLE
PHARMACIE NOUVELLE LTD,,,,,,,DJ,Yes,PHARMACIE NOUVELLE
PHIE DE LA CORNE D'AFRIQUE,,,,,,,DJ,Yes,GRANDE PHARMACIE DE LA CORNE
GRANDE PHARMACIE DE LA CORNE,,,,,,,DJ,Yes,GRANDE PHARMACIE DE LA CORNE
PHARMACIE DE LA NATION,,,,,,,DJ,Yes,PHARMACIE DE LA NATION
PHARMACIE DE L'OCEAN INDIEN,,,,,,,DJ,Yes,PHARMACIE DE L'OCEAN INDIEN
PHARMACIE DE L OCEAN INDIEN,,,,,,,DJ,Yes,PHARMACIE DE L'OCEAN INDIEN
PHARMACIE DE DJIBOUTI,,,,,,,DJ,Yes,PHARMACIE DE DJIBOUTI
UBIPHARM GABON SA,,,,,,,GA,Yes,UBIPHARM
GRANDE PHARMACIE DES FORESTIERS,,,,,,,GA,Yes,GRANDE PHARMACIE DES FORESTIERS
GDE PHIE DES FORESTIERS,,,,,,,GA,Yes,GRANDE PHARMACIE DES FORESTIERS
PHARMAGABON,,,,,,,GA,Yes,PHARMAGABON
PHARMACIE ANJOUANAISE,,,,,,,KM,Yes,PHARMACIE ANJOUANAISE
PHIE TRALENI-GOBADJOU,,,,,,,KM,Yes,PHIE TRALENI-GOBADJOU
PHARMACIE DES COMORES,,,,,,,KM,Yes,PHARMACIE DES COMORES
PHARMACIE DE LA CORNICHE,,,,,,,KM,Yes,PHARMACIE DE LA CORNICHE
MULTIPHAR RWANDA LTD,,,,,,,RW,Yes,MULTIPHAR
SUN ENTERPRISES SARL,,,,,,,RW,Yes,SUN ENTERPRISES
SUN ENTERPRISE SARL,,,,,,,RW,Yes,SUN ENTERPRISES
KIPHARMA sarl,,,,,,,RW,Yes,KIPHARMA
DUOPHARM,,,,,,,SN,Yes,DUOPHARM
DUOPHARM SA,,,,,,,SN,Yes,DUOPHARM
SODIPHARM,,,,,,,SN,Yes,MEX
MEX,,,,,,,SN,Yes,MEX
MEX P/C SODIPHARM,,,,,,,SN,Yes,MEX
COPHASE,,,,,,,SN,Yes,COPHASE
COPHASE-UBIPHARM SENEGAL,,,,,,,SN,Yes,COPHASE
LABOREX SN,,,,,,,SN,Yes,LABOREX
YASH PHARMACEUTICALS LTD,,,,,,,ZM,Yes,YASH PHARMACEUTICALS
PHARMACIE INDEPENDANCE,,,,,,,DJ,Yes,PHARMACIE DE L'INDEPENDANCE
PHARMACIE DE L INDEPENDANCE,,,,,,,DJ,Yes,PHARMACIE DE L'INDEPENDANCE
PHARMACIE DES ECOLES,,,,,,,KM,Yes,PHARMACIE DES ECOLES
PHARMACIE ESPERANCE,,,,,,,KM,Yes,PHARMACIE ESPERANCE
DISTRIPHAR / RWANDA           CL,,,,,,,RW,Yes,DISTRIPHAR
ABACUS PHARMA (A) LTD.,,,,,,,RW,Yes,ABACUS PHARMA
NEW AVAKASH International (Pvt) ltd,,,,,,,ZW,Yes,NEW AVAKASH INTERNATIONAL
PHARMACIE PK 12,,,,,,,DJ,Yes,PHARMACIE PK 12
TEDIS/ GABON       CL,,,,,,,GA,Yes,TEDIS
SOPHAR S.A.,,,,,,,RW,Yes,SOPHAR
LABOREX SENEGAL,,,,,,,SN,Yes,LABOREX
P.N.A,,,,,,,SN,Yes,P.N.A
PHARMACIE DE LA REPUBLIQUE,,,,,,,DJ,Yes,PHARMACIE DE LA REPUBLIQUE
PAX PHARMA LTD.,,,,,,,RW,Yes,PAX PHARMA LTD
IBIS PHARMA / RWANDA       CL,,,,,,,RW,Yes,IBIS PHARMA
CAISSE NATIONALE DE LA SECURITE SOCIALE,,,,,,,DJ,Yes,CAISSE NATIONALE DE LA SECURITE SOCIALE
GEFARMA,,,,,,,GQ,Yes,GEFARMA
PHARMACIE YASSINE,,,,,,,KM,Yes,PHARMACIE YASSINE
SOPHAR LTD,,,,,,,RW,Yes,SOPHAR
SKY PHARMACEUTICALS LTD,,,,,,,ZW,Yes,SKY PHARMACEUTICALS
SKY HEALTHCARE LTD,,,,,,,ZW,Yes,SKY PHARMACEUTICALS
SKY PHARMACEUTICALS (PVT) LTD,,,,,,,ZW,Yes,SKY PHARMACEUTICALS
LABOREX DLA,,,,,,,CM,Yes,LABOREX
LABOREX YDE,,,,,,,CM,Yes,LABOREX
LABOREX NORD,,,,,,,CM,Yes,LABOREX
LABOREX CAMEROUN,,,,,,,CM,Yes,LABOREX
UBIPHARM YDE,,,,,,,CM,Yes,UBIPHARM
UBIPHARM DLA,,,,,,,CM,Yes,UBIPHARM
UBIPHARM NORD,,,,,,,CM,Yes,UBIPHARM
UBIPHARM CAMEROUN,,,,,,,CM,Yes,UBIPHARM
PHARMACAM DLA,,,,,,,CM,Yes,PHARMACAM
PHARMACAM YDE,,,,,,,CM,Yes,PHARMACAM
PHARMACAM,,,,,,,CM,Yes,PHARMACAM
SOGEN,,,,,,,SN,Yes,SOGEN
PLANETPHARMA S.A.   TG,,,,,,,TG,Yes,PLANETPHARMA
PLANETPHARMA S.A.    SN,,,,,,,SN,Yes,PLANETPHARMA
IBIS PHARMA CONGO CL,,,,,,,CG,Yes,IBIS PHARMA
PLANETPHARMA S.A. PN CG,,,,,,,CG,Yes,PLANETPHARMA
TEDIS C/M MALI,,,,,,,ML,Yes,TEDIS
TEDIS / POUR CAMED MALI,,,,,,,ML,Yes,TEDIS
PLANETPHARMA S.A.    ML,,,,,,,ML,Yes,PLANETPHARMA
PLANETPHARMA S.A.    CI,,,,,,,CI,Yes,PLANETPHARMA
PHARMACAM S.A,,,,,,,CM,Yes,PHARMACAM
PLANETPHARMA S.A.    CM,,,,,,,CM,Yes,PLANETPHARMA
PLANETPHARMA S.A.    GA,,,,,,,GA,Yes,PLANETPHARMA
PHARMACIE  NOUVELLE LTD,,,,,,,MU,Yes,PHARMACIE  NOUVELLE
IOTRAD,,,,,,,MU,Yes,IOTRAD
A.M.T. PHARMA,,,,,,,CG,Yes,A.M.T. PHARMA
PLANETPHARMA S.A.   BJ,,,,,,,BJ,Yes,PLANETPHARMA
UBIPHARM NIGER SA,,,,,,,NE,Yes,UBIPHARM
PLANETPHARMA S.A.    NE,,,,,,,NE,Yes,PLANETPHARMA
PLANETPHARMA S.A.   MG,,,,,,,MG,Yes,PLANETPHARMA
TEDIS PHARMA MAURITANIE,,,,,,,MU,Yes,TEDIS
E.P.DIS,,,,,,,FR,Yes,EPDIS
SANOFI AVENTIS COTE D IVOIRE,,,,,,,CI,Yes,SANOFI AVENTIS CI
UNION BENINOISE DE PHARMACIENS,,,,,,,BJ,Yes,UNION BENINOISE DE PHARMACIENS
PHARMACIE NATIONALE D APPROVISIONNE,,,,,,,SN,Yes,PHARMACIE NATIONALE D'APPROVISIONNEMENT
SOCIETE BALM-TCHAD S.A./GA,,,,,,,TD,Yes,BALMTCHAD
AUXI-EXPORT / RDC,,,,,,,CD,Yes,AUXI EXPORT
SANOFI AVENTIS GABON,,,,,,,GA,Yes,SANOFI AVENTIS GABON
PROPHARMED INTERNATIONAL / BURKINA,,,,,,,BF,Yes,PROPHARMED
PROPHARMED INTERNATIONAL / BENIN,,,,,,,BJ,Yes,PROPHARMED
MAURIMED SA,,,,,,,MR,Yes,MAURIMED
PROPHARMED INTERNATIONAL/MAURITANIE,,,,,,,MR,Yes,PROPHARMED
SANOFI - SUCCURSALE DU CONGO,,,,,,,CG,Yes,SANOFI AVENTIS CONGO
PROPHARMED INTERNATIONAL / R.D.C.,,,,,,,CD,Yes,PROPHARMED
VITAL SUPPLIES LIMITED,,,,,,,UG,Yes,VITAL SUPPLIES
PROPHARMED INTERNATIONAL / CONGO,,,,,,,CG,Yes,PROPHARMED
EQUATORIAL BUSINESS GROUP PLC,,,,,,,ET,Yes,EBG
MERCAFAR,,,,,,,PT,Yes,MERCAFAR
WORLDWIDE HEALTHCARE LTD,,,,,,,GH,Yes,WORLDWIDE HEALTHCARE LTD
SURGIPHARM LIMITED,,,,,,,KE,Yes,SURGIPHARM
LABOREX TANZANIE,,,,,,,TZ,Yes,LABOREX
