Company,Name,Email,Phone,Address,City,State,Postal Code,Country,Vat No,CF 1,CF 2,CF 3,CF 4,CF 5,CF 6
DPBF,MEX P/C DPBF,,,,,,,BF,,,,,,,
Laborex,LABOREX BURKINA,,,,,,,BF,,,,,,,
TEDIS,TEDIS BURKINA,,,,,,,BF,,,,,,,
UBIPHARM,UBIPHARM BURKINA,,,,,,,BF,,,,,,,
LABOREX BRZ,LABOREX CONGO,,,,,,,CG,,,,,,,
LABOREX PNR,LABOREX CONGO,,,,,,,CG,,,,,,,
SEP BRZ,SEP - BRAZZAVILLE,,,,,,,CG,,,,,,,
SEP PNR,SEP - POINTE NOIRE,,,,,,,CG,,,,,,,
UBI BRZ,UBIPHARM CONGO,,,,,,,CG,,,,,,,
UBI PNR,UBIPHARM CONGO,,,,,,,CG,,,,,,,
Beker,BEKER GENERAL BUSINESS PLC,,,,,,,ET,,,,,,,
Dejen,DEJEN G/MESKEL BERHE,,,,,,,ET,,,,,,,
Dugda,DUGDA AGRO INDUSTRY P.L.C,,,,,,,ET,,,,,,,
EBG,EQUATORIAL BUSINESS GROUP PLC,,,,,,,ET,,,,,,,
ECP,EAST CANTONMENTS PHARMACY,,,,,,,GH,,,,,,,
ERNEST CHEMIST,ERNEST CHEMISTS LTD,,,,,,,GH,,,,,,,
GOKALS,GOKALS LABOREX LIMITED,,,,,,,GH,,,,,,,
OSONS,OSONS CHEMIST LTD,,,,,,,GH,,,,,,,
REISS & CO,REISS & CO (GHANA) LTD,,,,,,,GH,,,,,,,
UNICHEM,UNICHEM GH. LTD,,,,,,,GH,,,,,,,
WHL,WORLDWIDE HEALTHCARE LTD,,,,,,,GH,,,,,,,
Laborex,LABOREX GUINEE,,,,,,,GN,,,,,,,
SGIP,SOGUIMAP,,,,,,,GN,,,,,,,
SODIPH,SODIPHARM,,,,,,,GN,,,,,,,
Harleys,HARLEYS LIMITED,,,,,,,KE,,,,,,,
Highchem,HIGHCHEM MARKETING LTD,,,,,,,KE,,,,,,,
Laborex,LABOREX KENYA,,,,,,,KE,,,,,,,
Surgipharm,SURGIPHARM LIMITED,,,,,,,KE,,,,,,,
COFARMA,,,,,,,,MG,,,,,,,
DROGEMAD,,,,,,,,MG,,,,,,,
INTERPHARMA,INTERPHARMA SARL,,,,,,,MG,,,,,,,
MADAPHAR UBIPHARM,UBIPHARM MADAGASCAR SA,,,,,,,MG,,,,,,,
MADIPHAR,,,,,,,,MG,,,,,,,
OPHAM,OPHAM,,,,,,,MG,,,,,,,
SOMAPHAR,SOMAPHAR,,,,,,,MG,,,,,,,
SOPHARMAD,SOPHARMAD,,,,,,,MG,,,,,,,
AFRICA,AFRICA LAB,,,,,,,ML,,,,,,,
CAMED,,,,,,,,ML,,,,,,,
COPHAR,COPHARMA-UBIPHARM,,,,,,,ML,,,,,,,
Laborex,LABOREX MALI,,,,,,,ML,,,,,,,
CAMEC,CAMEC,,,,,,,MR,,,,,,,
CHIGHUETTY,,,,,,,,MR,,,,,,,
CHIVA,CHIVA - MEDICA,,,,,,,MR,,,,,,,
EL EMEL,EL EMEL PHARMA SA,,,,,,,MR,,,,,,,
Laborex,LABOREX MAURITANIE,,,,,,,MR,,,,,,,
MAURIPHARM,MAURIPHARM,,,,,,,MR,,,,,,,
ORIGINE PH,ORIGINE PHARMA,,,,,,,MR,,,,,,,
SOMAPHAR,SOMAPHAR MR,,,,,,,MR,,,,,,,
ANICHEM,ANICHEM PHARMACY,,,,,,,MU,,,,,,,
Anichem ,ANICHEM PHARMACY,,,,,,,MU,,,,,,,
MSJ,UNICORN (MSJ LTD),,,,,,,MU,,,,,,,
PNL,PHARMACIE  NOUVELLE LTD,,,,,,,MU,,,,,,,
Laborex,LABOREX NIGER,,,,,,,NE,,,,,,,
SAPHAR,,,,,,,,NE,,,,,,,
UBI,UBIPHARM NIGER SA,,,,,,,NE,,,,,,,
BALMTCHAD,SOCIETE BALM - TCHAD S.A/AG,,,,,,,TD,,,,,,,
Laborex,LABOREX TCHAD,,,,,,,TD,,,,,,,
MED-PHARMT,,,,,,,,TD,,,,,,,
TCH PHARM,,,,,,,,TD,,,,,,,
GTPHARM,,,,,,,,TG,,,,,,,
OCDI,,,,,,,,TG,,,,,,,
SOCOPH.,,,,,,,,TG,,,,,,,
SOTOMED,,,,,,,,TG,,,,,,,
UNIPHART,,,,,,,,TG,,,,,,,
Bahari,,,,,,,,TZ,,,,,,,
JD,J.D. PHARMACY LTD,,,,,,,TZ,,,,,,,
Laborex,LABOREX TANZANIE,,,,,,,TZ,,,,,,,
Eris,ERIS LTD,,,,,,,UG,,,,,,,
Laborex,,,,,,,,UG,,,,,,,
LifePharma,,,,,,,,UG,,,,,,,
Surgipharm,SURGIPHARM UGANDA LTD,,,,,,,UG,,,,,,,
UBIPHARM,UBIPHARM BURKINA,,,,,,,BF,,,,,,,
TEDIS,TEDIS  BURKINA        CL,,,,,,,BF,,,,,,,
CHIMIO,CHIMIO,,,,,,,BI,,,,,,,
ALCHEM INDUSTRIES,ALCHEM INDUSTRIES,,,,,,,BI,,,,,,,
IBIS PHARMA / BURUNDI         CL,IBIS PHARMA / BURUNDI         CL,,,,,,,BI,,,,,,,
MULTIPHAR (PHARMACIE DE GROS),MULTIPHAR (PHARMACIE DE GROS),,,,,,,BI,,,,,,,
GAPOB,GAPOB,,,,,,,BJ,,,,,,,
U.B. PHAR S.A.,U.B. PHAR S.A.,,,,,,,BJ,,,,,,,
PROMO PHARMA,PROMO PHARMA,,,,,,,BJ,,,,,,,
PHARMACIE DE LA NOBLESSE,PHARMACIE DE LA NOBLESSE,,,,,,,CD,,,,,,,
AUXI-EXPORT / RDC        CL,AUXI-EXPORT / RDC        CL,,,,,,,CD,,,,,,,
DEPOT PHARMACEUTIQUE EXTRA PLUS,DEPOT PHARMACEUTIQUE EXTRA PLUS,,,,,,,CD,,,,,,,
CONCORD CONGO,CONCORD CONGO,,,,,,,CD,,,,,,,
COGEZAF / RDC        CL,COGEZAF / RDC        CL,,,,,,,CD,,,,,,,
IBIS PHARMA / RDC           CL,IBIS PHARMA / RDC           CL,,,,,,,CD,,,,,,,
DEPOT PHARMACEUTIQUE SAINT SAUVEUR,DEPOT PHARMACEUTIQUE SAINT SAUVEUR,,,,,,,CD,,,,,,,
SOGUIMED-UBIPHARM GUINEE,SOGUIMED-UBIPHARM GUINEE,,,,,,,GN,,,,,,,
NAP PHARMA  sarl,NAP PHARMA  sarl,,,,,,,GN,,,,,,,
PROCHIPHAR / GUINEE      CL,PROCHIPHAR / GUINEE      CL,,,,,,,GN,,,,,,,
TEDIS/ GUINEE       CL,TEDIS/ GUINEE       CL,,,,,,,GN,,,,,,,
KALOUM PHARMA SARL,KALOUM PHARMA SARL,,,,,,,GN,,,,,,,
AMIALSAR  SARL,AMIALSAR  SARL,,,,,,,GN,,,,,,,
FEELA PHARMA,FEELA PHARMA,,,,,,,GN,,,,,,,
PHARMA GROUPE INTERNATIONAL PGI,PHARMA GROUPE INTERNATIONAL PGI,,,,,,,GN,,,,,,,
SOMAPHAR,SOMAPHAR PLATEFORME,,,,,,,MG,,,,,,,
DICOPROPHAGI SARL,DICOPROPHAGI SARL,,,,,,,MG,,,,,,,
TEDIS,TEDIS / POUR CAMED MALI,,,,,,,ML,,,,,,,
G.C. PHARMA,G.C. PHARMA,,,,,,,MR,,,,,,,
EL WATANIYA PHARMA SARL,EL WATANIYA PHARMA SARL,,,,,,,MR,,,,,,,
ESSALAMA PHARMA,ESSALAMA PHARMA,,,,,,,MR,,,,,,,
GKDIS PHARMA,GKDIS PHARMA,,,,,,,MR,,,,,,,
W PHARMA,W PHARMA,,,,,,,MR,,,,,,,
BARAKATT MEDICAL,BARAKATT MEDICAL,,,,,,,MR,,,,,,,
RAHMA PHARMA SA,RAHMA PHARMA SA,,,,,,,MR,,,,,,,
SNIM,SNIM,,,,,,,MR,,,,,,,
ESSIHA AVIA PHARMA,ESSIHA AVIA PHARMA,,,,,,,MR,,,,,,,
MAURIMED SA,MAURIMED SA,,,,,,,MR,,,,,,,
,GROUPE AL RAHAMA MEDICAL (GAM PHARMA),,,,,,,TD,,,,,,,
TEDIS PHARMA TOGO,TEDIS PHARMA TOGO,,,,,,,TG,,,,,,,
UNIPHART,UNIPHART,,,,,,,TG,,,,,,,
COMPAGNIE PHARMACEUTIQUE AFRICAINE,COMPAGNIE PHARMACEUTIQUE AFRICAINE,,,,,,,TG,,,,,,,
UBIPHARM TOGO SA,UBIPHARM TOGO SA,,,,,,,TG,,,,,,,
HML OUGANDA,HML OUGANDA,,,,,,,UG,,,,,,,
IBIS PHARMA CONGO CL,IBIS PHARMA CONGO CL,,,,,,,CG,,,,,,,
,CENTRAPHARM,,,,,,,CF,,,,,,,
TEDIS CI,TEDIS COTE D'IVOIRE,,,,,,,CI,,,,,,,
LABOREX CI,LABOREX ABIDJAN,,,,,,,CI,,,,,,,
DPCI,MEX P/C DPCI RCI,,,,,,,CI,,,,,,,
LABOREX CI,LABOREX ABIDJAN YOPOUGON,,,,,,,CI,,,,,,,
COPHARMED,COPHARMED,,,,,,,CI,,,,,,,
,NOUVELLE PHARMACIE DE LA SANTE PUBLIQUE,,,,,,,CI,,,,,,,
SIAP PHARMA,SIAP PHARMA,,,,,,,CM,,,,,,,
,PHARMACIE NOUVELLE,,,,,,,DJ,,,,,,,
,PHIE DE LA CORNE D'AFRIQUE,,,,,,,DJ,,,,,,,
,PHARMACIE DE LA NATION,,,,,,,DJ,,,,,,,
,PHARMACIE DE L'OCEAN INDIEN,,,,,,,DJ,,,,,,,
,PHARMACIE DE DJIBOUTI,,,,,,,DJ,,,,,,,
,UBIPHARM GABON SA,,,,,,,GA,,,,,,,
,GDE PHIE DES FORESTIERS,,,,,,,GA,,,,,,,
,PHARMAGABON,,,,,,,GA,,,,,,,
,PHARMACIE ANJOUANAISE,,,,,,,KM,,,,,,,
,PHIE TRALENI-GOBADJOU,,,,,,,KM,,,,,,,
,PHARMACIE DES COMORES,,,,,,,KM,,,,,,,
,PHARMACIE DE LA CORNICHE,,,,,,,KM,,,,,,,
,MULTIPHAR RWANDA LTD,,,,,,,RW,,,,,,,
,SUN ENTERPRISES SARL,,,,,,,RW,,,,,,,
,KIPHARMA sarl,,,,,,,RW,,,,,,,
DUOPHARM,DUOPHARM,,,,,,,SN,,,,,,,
SODIPHARM,MEX P/C SODIPHARM,,,,,,,SN,,,,,,,
COPHASE,COPHASE-UBIPHARM SENEGAL,,,,,,,SN,,,,,,,
LABOREX SN,LABOREX SENEGAL,,,,,,,SN,,,,,,,
,YASH PHARMACEUTICALS LTD,,,,,,,ZM,,,,,,,
,PHARMACIE INDEPENDANCE,,,,,,,DJ,,,,,,,
,PHARMACIE DES ECOLES,,,,,,,KM,,,,,,,
,PHARMACIE ESPERANCE,,,,,,,KM,,,,,,,
,DISTRIPHAR / RWANDA           CL,,,,,,,RW,,,,,,,
,ABACUS PHARMA (A) LTD.,,,,,,,RW,,,,,,,
,NEW AVAKASH International (Pvt) ltd,,,,,,,ZW,,,,,,,
,PHARMACIE PK 12,,,,,,,DJ,,,,,,,
,TEDIS/ GABON       CL,,,,,,,GA,,,,,,,
,SOPHAR S.A.,,,,,,,RW,,,,,,,
,P.N.A,,,,,,,SN,,,,,,,
,PHARMACIE DE LA REPUBLIQUE,,,,,,,DJ,,,,,,,
,PAX PHARMA LTD.,,,,,,,RW,,,,,,,
,IBIS PHARMA / RWANDA       CL,,,,,,,RW,,,,,,,
,CAISSE NATIONALE DE LA SECURITE SOCIALE,,,,,,,DJ,,,,,,,
,GEFARMA,,,,,,,GQ,,,,,,,
,PHARMACIE YASSINE,,,,,,,KM,,,,,,,
,SOPHAR LTD,,,,,,,RW,,,,,,,
,SKY PHARMACEUTICALS LTD,,,,,,,ZW,,,,,,,
LABOREX DLA,LABOREX CAMEROUN,,,,,,,CM,,,,,,,
LABOREX YDE,LABOREX CAMEROUN,,,,,,,CM,,,,,,,
LABOREX NORD,LABOREX CAMEROUN,,,,,,,CM,,,,,,,
UBIPHARM YDE,UBIPHARM CAMEROUN,,,,,,,CM,,,,,,,
UBIPHARM DLA,UBIPHARM CAMEROUN,,,,,,,CM,,,,,,,
UBIPHARM NORD,UBIPHARM CAMEROUN,,,,,,,CM,,,,,,,
PHARMACAM DLA,PHARMACAM S.A,,,,,,,CM,,,,,,,
PHARMACAM YDE,PHARMACAM S.A,,,,,,,CM,,,,,,,
SOGEN,,,,,,,,SN,,,,,,,
