country,distributor,distributor_customer_name,sanofi_customer_name
KE,Highchem,AIC KIJABE HOSPITAL,A.I.C. KIJABE HOSPITAL
KE,Highchem,ALFAJIRI PHARMACEUTICALS LTD,ALFAJIRI PHARMACEUTICALS LTD
KE,Highchem,AMYLIN CHEMIST,AMYLIN CHEMIST
KE,Highchem,BATIAN PEAK PHARMACEUTICALS LTD,BATIAN PEAK PHARMACEUTICALS LTD
KE,Highchem,BEL-EA PHARMACY LTD,BEL-EA PHARMACY LTD
KE,Highchem,BELMONT PHARMACEUTICALS LTD,BELMONT PHARMACEUTICALS LTD
KE,Highchem,BILOVA CHEMIST,BILOVA CHEMIST
KE,Highchem,BUNGOMA WEST CHEMIST,BUNGOMA WEST CHEMIST LTD.
KE,Highchem,CANAAN PHARMACEUTICALS LTD,CANAAN PHARMACEUITICAL LTD
KE,Highchem,CARE CHEMIST LTD,CARE CHEMIST LTD
KE,Highchem,CARE CHEMISTS LTD,CARE CHEMIST LTD
KE,Highchem,COPTIC HOSPITAL,COPTIC HOSPITAL
KE,Highchem,D.O.D - ARMY DRUG STORE,KENYA ARMY HEADQUARTERS
KE,Highchem,DALLAS CHEMIST,DALLAS CHEMIST
KE,Highchem,DIADEMS PHARMACY LTD,DIADEMS PHARMACY LTD
KE,Highchem,DIKAT PHARMA LIMITED,DIKAT PHARMA LIMITED
KE,Highchem,DISCHEM PHARMACIE,DISCHEM PHARMACIE
KE,Highchem,DR. IGNATIUS MUTURI,DR. IGNATIUS MUTURI
KE,Highchem,EASTLEIGH PHARMACEUTICALS,EASTLEIGH PHARMACEUTICALS LTD
KE,Highchem,ELDOBASE CHEMISTS LIMITED,ELDOBASE CHEMIST
KE,Highchem,ELDOHOSP PHARMACEUTICALS [NAIROBI],ELDOHOSP PHARMACEUTICALS LTD - Nairobi
KE,Highchem,ELDOHOSP PHARMACEUTICALS LTD [ELD],ELDOHOSP PHARMACEUTICALS LTD - Eldoret
KE,Highchem,ELMART PHARMA LIMITED,ELMART PHARMA LTD
KE,Highchem,EMBU CHILDREN HOSPITAL,EMBU CHILDREN HOSPITAL
KE,Highchem,FAMILY HEALTH OPTIONS KENYA,FAMILY HEALTH OPTIONS KENYA
KE,Highchem,FANSHO PHARMACY,FANSHO PHARMACY
KE,Highchem,GARLANDS MEDICAL CENTRE LTD,GARLANDS MEDICAL CENTRE LTD
KE,Highchem,GATHIMAINI PHARMACY CO LTD,GATHIMAINI PHARMACY
KE,Highchem,GENERICS AFRICA LIMITED,GENERIC AFRICA LTD
KE,Highchem,GETRUDE'S GARDEN CHILDREN HOSP,GERTRUDE'S CHILDREN HOSPITAL
KE,Highchem,GOLDLIFE PHARMACEUTICALS LTD,GOLDLIFE PHARMACEUTICALS LTD
KE,Highchem,HALLEL PHARMACY,HALLEL PHARMACY
KE,Highchem,HARIPHARM PHARMACY LTD,HARIPHARM PHARMACY LTD
KE,Highchem,HIGHCHEM PHARMA CASH ACCOUNT,HIGHCHEM PHARMACEUTICALS
KE,Highchem,HIGHRIDGE PHARMACY LTD,HIGHRIDGE PHARMACY LTD
KE,Highchem,JASLIM PHARMACY LTD,JASLIM PHARMACY LTD
KE,Highchem,KANGEMA MEDICAL SERVICES,KANGEMA MEDICAL SERVICES
KE,Highchem,KAVAKAVA PHARMACY LTD,KAVAKAVA PHARMACY LTD
KE,Highchem,KENTONS  LTD,KENTONS LIMITED KISUMU AC
KE,Highchem,KRISHNA CHEMIST LTD,KRISHNA CHEMIST LTD
KE,Highchem,LAIKIPIA PHARMACY LTD,LAIKIPIA PHARMACY
KE,Highchem,LIMELIGHT CHEMISTS,LIMELIGHT CHEMIST
KE,Highchem,LIPTER CHEMIST,Lipter Chemist
KE,Highchem,MAKADARA CHEMISTS LTD,MAKADARA CHEMISTS LTD. - MOMBASA
KE,Highchem,MALIBU PHARMACY LTD,MALIBU PHARMACY
KE,Highchem,MBETI PHARMACY EMBU,MBETI PHARMACY
KE,Highchem,MEDFAST PHARMACY LTD,MEDFASTPHARMACY LTD
KE,Highchem,MEDIHEAL SOURCING LIMITED,MEDIHEAL SOURCING LIMITED
KE,Highchem,MEDIMART HEALTHCARE: THIKA RD,MEDIMART HEALTHCARE LTD - THIKA ROAD
KE,Highchem,MEDINA PHARMACY LIMITED,MEDINA PHARMACY LIMITED
KE,Highchem,MEDINA REMEDIES LTD,MEDINA REMEDIES LIMITED       
KE,Highchem,MID-RIFT PHARMACY LTD,MID-RIFT PHARMACY LTD
KE,Highchem,MODANA PHARMACEUTICAL,MODANA PHARMACEUTICAL
KE,Highchem,MOMBASA HOSPITAL,MOMBASA HOSPITAL
KE,Highchem,MUTINDWA CHEMISTS LTD,MUTINDWA CHEMISTS LTD
KE,Highchem,NATIONAL INTELLIGENCE SERVICE,NATIONAL INTELLIGENCE SERVICE
KE,Highchem,NILA PHARMACEUTICALS,NILA PHARMACEUTICALS
KE,Highchem,NILSON PHARMACEUTICALS LTD,NILSON PHARMACEUTICALS LTD
KE,Highchem,NORTHERN PHARMACY LTD,NORTHERN PHARMACY
KE,Highchem,OMAERA PHARMACEUTICALS,OMAERA PHARMACEUTICALS LTD.
KE,Highchem,ORION PHARMACY LTD - FOREST PL,ORION PHARMACY LTD.
KE,Highchem,ORION PHARMACY LTD - MUTHAIGA,ORION PHARMACY LTD.
KE,Highchem,OTHAYA CHEMIST,OTHAYA CHEMISTS
KE,Highchem,OUTSPAN HOSPITAL- NYERI,NYERI MED SERV LTD/OUTSPAN HSP
KE,Highchem,PHARMA & ALLIED LOGISTICS LTD,PHARMA & ALLIED LOGISTICS LTD
KE,Highchem,PHARMACEUTICA'85 LTD,PHARMACEUTICA (1985) LTD
KE,Highchem,PHARMART ABC CHEMIST LIMITED.,PHARMART CHEMIST LIMITED.
KE,Highchem,PHARMART GALLERIA CHEMIST LTD,PHARMART CHEMIST LIMITED.
KE,Highchem,PHILMED PHARMACY,PHILMED LIMITED
KE,Highchem,PORTAL PHARMACY LTD,PORTAL PHARMACY
KE,Highchem,PRIORITY CHEMIST,PRIORITY CHEMIST
KE,Highchem,RAFIKI CHEMIST,RAFIKI CHEMISTS
KE,Highchem,RAM PHARMACEUTICALS LTD,RAM PHARMACEUTICALS LIMITED
KE,Highchem,REALE HOSPITAL,REALE MEDICAL CENTRE LTD.
KE,Highchem,SAKO PHARMACEUTICALS,SAKO PHARMACEUTICALS
KE,Highchem,SEASIDE PHARMACY,SEASIDE PHARMACEUTICALS - MOMBASA
KE,Highchem,SHIFA CHEM LIMITED,SHIFA CHEM LTD. - MOMBASA
KE,Highchem,SURGIK PHARMACEUTICALS LTD,SURGIK PHARMACEUTICALS LTD
KE,Highchem,SYMBIO HEALTHCARE LIMITED,SYMBIO HEALTHCARE LIMITED
KE,Highchem,TARACHEM PHARMACEUTICALS,TARACHEM PHARMACEUTICALS
KE,Highchem,TEMPLE STORES PHARMACY,TEMPLE STORES PHARMACEUTICALS
KE,Highchem,TENWEK HOSPITAL,TENWEK HOSPITAL
KE,Highchem,THE NAIROBI HOSPITAL,THE NAIROBI HOSPITAL
KE,Highchem,TRANSCHEM PHARMACEUTICALS,TRANSCHEM PHARMACEUTICALS
KE,Highchem,TRANSWIDE PHARMACEUTICALS LTD,TRANSWIDE PHARMACEUTICALS LTD
KE,Highchem,VETERAN PHARMACEUTICALS LTD,VETERAN PHARMACEUTICALS LTD
KE,Highchem,VICTORIA HEALTHCARE LIMITED,VICTORIA HEALTHCARE LTD
KE,Highchem,WELLMED PHARMACEUTICALS LTD,WELLMED PHARMACEUTICALS LTD
KE,Highchem,ZEN PHARMACEUTICALS,ZEN PHARMACEUTICALS
KE,Laborex,A TO Z PHARMACY LTD           ,A TO Z PHARMACY LTD
KE,Laborex,A.I.C. KIJABE HOSPITAL        ,A.I.C. KIJABE HOSPITAL
KE,Laborex,AAR HEALTHCARE KENYA LTD      ,AAR HEALTHCARE KENYA LTD
KE,Laborex,ABAAHI PHARMA                 ,ABAAHI CHEMIST
KE,Laborex,ACHIRAL PHARMACEUTICALS       ,ACHIRAL PHARMACEUTICALS
KE,Laborex,ADAKIM CHEMIST                ,ADAKIM CHEMIST
KE,Laborex,ADAMS ARCADE BRICK PHARMA LTD ,ADAMS ARCADE BRICK PHARMA LTD 
KE,Laborex,ADORA CHILDREN CLINIC         ,ADORA CHILDREN CLINIC
KE,Laborex,ADVENT MED & DENT CARE CENTER ,ADVENT MED & DENT CARE CENTER 
KE,Laborex,AFRICA GREATNESS PHARMA       ,A G PHARMACEUTICAL
KE,Laborex,AFRICAN PHARMACEUTICALS LTD   ,AFRICAN PHARMACEUTICALS LTD
KE,Laborex,AFYA FIRST MEDICAL CENTRE     ,AFYA FIRST MEDICAL CENTRE
KE,Laborex,AGA KHAN HOSPITAL KISUMU      ,AGA KHAN HOSPITAL KISUMU
KE,Laborex,AL RIYADH CHEMIST             ,AL RIYADH CHEMIST
KE,Laborex,AL-AMIN HOSPITAL LIMITED      ,AL-AMIN HOSPITAL LIMITED      
KE,Laborex,ALFAJIRI PHARMACEUTICALS LTD  ,ALFAJIRI PHARMACEUTICALS LTD
KE,Laborex,AL-HIDDAYA PHARMACEUTICALS LTD,AL-HIDDAYA PHARMACEUTICALS LTD.
KE,Laborex,ALLIANCE MEDICAL CENTRE MOMBAS,ALLIANCE MEDICAL CENTER
KE,Laborex,AL-MANAAR PHARMACEUTICAL LTD  ,AL-MANAAR PHARMACEUTICAL LTD
KE,Laborex,AMBER MEDICAL CLINIC          ,AMBER MEDICAL CLINIC
KE,Laborex,AMYLIN CHEMIST                ,AMYLIN CHEMIST
KE,Laborex,ANDES PHARMACY                ,ANDES PHARMACY                
KE,Laborex,ANISA OMAR                    ,ANISA OMAR
KE,Laborex,ANSELL PHARMACEUTICALS LTD    ,ANSELL PHARMACEUTICALS LTD
KE,Laborex,APEC PHARMACY LTD             ,APEC PHARMACY LTD
KE,Laborex,APPEX HOSPITAL                ,APPEX HOSPITAL                
KE,Laborex,APPLEGENE PHARMACY LTD        ,APPLEGENE PHARMACY LTD
KE,Laborex,ARACHIS PHARMACEUTICALS LTD   ,ARACHIS PHARMACEUTICALS LTD
KE,Laborex,ARAP TOSHA PHARMACY           ,ARAP TOSHA PHARMACY           
KE,Laborex,ASS BATTERY MAN EA LTD        ,ASSOCIATED BATTERY MANUFACTURERS (E.A) LIMITED
KE,Laborex,ASSOCIATED VEHICLE ASSEMBLERS ,ASSOCIATED VEHICLE ASSEMBLERS
KE,Laborex,ASTRAPHARM CHEMIST LIMITED    ,ASTRAPHARM CHEMIST LIMITED
KE,Laborex,ATHICHEM CHEMIST              ,ATHICHEM CHEMIST              
KE,Laborex,ATOM PHARMACEUTICAL LTD       ,ATOM PHARMACEUTICAL LTD
KE,Laborex,AVA PHARMACY LTD              ,AVA PHARMACY LTD
KE,Laborex,AVENUE GARDEN CITY            ,AVENUE HEALTHCARE GARDEN CITY
KE,Laborex,AVENUE HEALTHCARE BURUBURU    ,AVENUE HEALTHCARE-BURUBURU
KE,Laborex,AVENUE HEALTHCARE ELDORET     ,AVENUE HEALTHCARE - ELDORET
KE,Laborex,AVENUE HEALTHCARE EMBAKASI    ,AVENUE HEALTHCARE - EMBAKASI
KE,Laborex,AVENUE HEALTHCARE ENTERPRISE  ,AVENUE HEALTHCARE - ENTERPRISE
KE,Laborex,AVENUE HEALTHCARE GREENSPAN   ,AVENUE HEALTHCARE-GREENSPAN MALL
KE,Laborex,AVENUE HEALTHCARE L CHANGAMWE ,AVENUE HEALTHCARE-CHANGAMWE
KE,Laborex,AVENUE HEALTHCARE LANGATA     ,AVENUE HEALTHCARE-LANGATA
KE,Laborex,AVENUE HEALTHCARE LTD KISUMU  ,AVENUE HEALTHCARE - KISUMU
KE,Laborex,AVENUE HEALTHCARE LTD MOMBASA ,AVENUE HEALTHCARE LTD MOMBASA
KE,Laborex,AVENUE HEALTHCARE LTD NAIROBI ,AVENUE HEALTHCARE - NAIROBI BRANCH
KE,Laborex,AVENUE HEALTHCARE LTD NAKURU  ,AVENUE HEALTHCARE - NAKURU
KE,Laborex,AVENUE HEALTHCARE LTD THIKA BR,AVENUE HEALTHCARE LTD THIKA BR
KE,Laborex,AVENUE HOSPITAL               ,AVENUE HOSPITAL LTD.
KE,Laborex,AVENUE NGONG ROAD             ,AVENUE HEALTHCARE - NGONG ROAD
KE,Laborex,AVENUE RONGAI                 ,AVENUE HEALTHCARE - RONGAI
KE,Laborex,AVENUE SOUTH C                ,AVENUE HEALTHCARE-SOUTH C
KE,Laborex,AXITA PHARMACY                ,AXITA PHARMACY LTD
KE,Laborex,BADAR PHARMACY LTD            ,BADAR PHARMACY LTD.
KE,Laborex,BAKPHARM LIMITED              ,BAKPHARM LIMITED              
KE,Laborex,BARAKAAT CHEMIST LIMITED      ,BARAKAAT CHEMIST LIMITED
KE,Laborex,BASPEN SYOKIMAU COTAGE HOSPITA,BASPEN SYOKIMAU COTAGE HOSPITA
KE,Laborex,BATIAN PEAK  PHARMACY         ,BATIAN PEAK PHARMACEUTICALS LTD
KE,Laborex,BECAMOL CHEMIST               ,BECAMOL CHEMIST
KE,Laborex,BEIRUT PHARMA & MEDICAL LTD   ,BEIRUT PHARMA & MEDICAL LTD   
KE,Laborex,BEKY HOLDINGS PHARMACY LTD    ,BEKY HOLDINGS PHARMACY LTD
KE,Laborex,BEL-EA PHARMACY LTD           ,BEL-EA PHARMACY LTD
KE,Laborex,BELEVIEW SOUTH HOSPITAL       ,BELLEVIEW SOUTH HOSPITAL       
KE,Laborex,BELMONT PHARMACEUTICALS LIMITE,BELMONT PHARMACEUTICALS LTD
KE,Laborex,BENORA PHARMACY LTD           ,BENORA PHARMACY LTD
KE,Laborex,BENTA AND LEON HEALTHCARE LTD ,BENTA AND LEON HEALTHCARE LTD 
KE,Laborex,BERYL PHARMACY                ,BERYL PHARMACY
KE,Laborex,BETALIFE CHEMIST              ,BETALIFE CHEMIST              
KE,Laborex,BIBO PHARMACEUTICALS LTD      ,BIBO PHARMACEUTICALS LTD
KE,Laborex,BIGSTAR PHARMACY              ,BIGSTAR PHARMACY
KE,Laborex,BILOVA CHEMIST                ,BILOVA CHEMISTS LTD
KE,Laborex,BLISS HEALTHCARE LIMITED      ,BLISS GVS HEALTHCARE LTD/ ASTERIXS
KE,Laborex,BLISSPHARM CHEMIST            ,BLISSPHARM CHEMIST
KE,Laborex,BLUE OAK PHARMACY             ,BLUE OAK PHARMACY-CASH
KE,Laborex,BOMA MEDICARE LTD             ,BOMA MEDICARE LTD
KE,Laborex,BOMENI CHEMIST LTD            ,BOMENI CHEMIST LTD
KE,Laborex,BONDENI CHEMIST               ,BONDENI CHEMIST - MOMBASA
KE,Laborex,BRAMALL PHARMACY LIMITED      ,BRAMALL PHARMACY
KE,Laborex,BUDGET PHARMACEUTICAL LTD     ,BUDGET PHARMACEUTICAL LTD     
KE,Laborex,BUNGOMA CHEMIST               ,BUNGOMA CHEMIST LIMITED
KE,Laborex,BUNGOMA WEST MEDICAL SERVICES ,BUNGOMA WEST MEDICAL SERVICES
KE,Laborex,BURHANI PHARMACY              ,BURHANI PHARMACY - MOMBASA
KE,Laborex,CANAAN PHARMACEUITICAL LTD    ,CANAAN PHARMACEUITICAL LTD
KE,Laborex,CARE AND CURE PHARMACY        ,CARE AND CURE PHARMACY        
KE,Laborex,CARE CHEMISTS                 ,CARE CHEMIST LTD
KE,Laborex,CARE HOSPITAL LIMITED         ,CARE HOSPITAL LIMITED
KE,Laborex,CASH ACCOUNT  KOINANGE        ,CASH SALES CUSTOMER - NAIROBI
KE,Laborex,CEDAR CLINICAL ASSOCIATES     ,CEDAR CLINICAL ASSOCIATES
KE,Laborex,CENTRAL BANK OF KENYA         ,CENTRAL BANK OF KENYA
KE,Laborex,CENTRE FOR TROPICAL&TRAVEL MED,CENTRE FOR TROPICAL&TRAVEL MED
KE,Laborex,CHAMIANESS PAHRMA LTD         ,CHAMIANESS PHARMA LTD
KE,Laborex,CHEBARBAR CHEMIST             ,CHEBARBAR CHEMIST             
KE,Laborex,CHERANGANY NURSING HOME LTD   ,CHERANGANY NURSING HOME LTD
KE,Laborex,CHERATHIMO CHEMIST LTD        ,CHERATHIMO CHEMIST
KE,Laborex,CHUKA AFYA CHEMISTS LTD       ,CHUKA AFYA CHEMISTS LTD
KE,Laborex,CITY LINK PHARMA LTD          ,CITY LINK PHARMA LTD
KE,Laborex,COAST PROV. GENERAL HOSPITAL  ,COAST PROVINCIAL HOSP.
KE,Laborex,COLUMBIA AFRICA HEALTHCARE LTD,COLUMBIA AFRICA HEALTHCARE LTD
KE,Laborex,COMPREHENSIVE DIABETES CENTRE ,COMPREHENSIVE DIABETES CENTRE
KE,Laborex,COPTIC HOSPITAL               ,COPTIC HOSPITAL
KE,Laborex,CROSSAL CHEMICAL SERVICES     ,CROSSAL CHEMICAL SERVICES
KE,Laborex,DAMCO PHARMA LTD              ,DAMCO PHARMA LTD
KE,Laborex,DAN PHARMACIE LTD             ,DAN PHARMACIE LTD - KANGEMI
KE,Laborex,DAWAMEDS CHEMIST              ,THE DAWAMEDS HOSPITAL LTD
KE,Laborex,DAYAH PHARMACEUTICALS         ,DAYAH PHARMACEUTICALS         
KE,Laborex,DELICKS PHARMACEUTICAL CO-LTD ,DELICK PHARMACEUTICAL
KE,Laborex,DIANI BEACH HOSPITAL          ,DIANI BEACH HOSPITAL - MOMBASA
KE,Laborex,DIKAT PHARMA LTD              ,DIKAT PHARMA LIMITED
KE,Laborex,DISCHEM PHARMACIE             ,DISCHEM PHARMACIE
KE,Laborex,DOCPHARMA LTD                 ,DOCPHARMA LTD
KE,Laborex,DOVEY PHARMA PHARMACEUTICALS  ,DOVEY PHARMACEUTICALS LIMITED
KE,Laborex,DR ARTHUR M. USAGI            ,DR ARTHUR M. USAGI
KE,Laborex,DR JASPER MALUKI KITAVI       ,DR JASPER MALUKI KITAVI       
KE,Laborex,DR KENNEDY O. GOGO            ,DR KENNEDY O. GOGO
KE,Laborex,DR M.V. PATEL                 ,CASH SALE CUSTOMER
KE,Laborex,DR NELSON MURAYA WACHIRA      ,DR NELSON MURAYA WACHIRA
KE,Laborex,DR RAKESH RAJPAL              ,DR. RAKESH RAJPAL
KE,Laborex,DR S.N WARUI                  ,DR S.N WARUI
KE,Laborex,DR WAGANA'S CLINIC            ,DR WAGANA'S CLINIC
KE,Laborex,DR. GOEFFREY KASEMBELI        ,DR.GEOFFREY KASEMBELI         
KE,Laborex,DR. KISIANGANI                ,DR. KISIANGANI
KE,Laborex,DR. MAZAHER H JAFFER          ,CASH SALE CUSTOMER
KE,Laborex,DR. RADIA                     ,DR. RADIA
KE,Laborex,DR.E.M MANUTHU                ,DR.E.M MANUTHU
KE,Laborex,DR.FRANCIS KANYIGI            ,DR.FRANCIS KANYIGI
KE,Laborex,DR.IGNATIUS L.M MUTURI        ,DR. IGNATIUS MUTURI
KE,Laborex,DR.PATROBA ONKOBA             ,DR.PATROBA ONKOBA             
KE,Laborex,EAGLE EYE LASER CENTER LTD    ,EAGLE EYE LASER CENTER LTD    
KE,Laborex,EAGLE PHARM CHEMISTS LTD      ,EAGLEPHARM CHEMIST LTD
KE,Laborex,EAST END CHEMISTS LTD         ,EAST END CHEMISTS LTD
KE,Laborex,EASTLEIGH PHARMACEUTICALS LTD ,EASTLEIGH PHARMACEUTICALS LTD
KE,Laborex,ECODRUGS PHARMACY LTD         ,ECODRUGS PHARMACY LTD
KE,Laborex,ELDOBASE CHEMISTS             ,ELDOBASE CHEMIST
KE,Laborex,ELDOCHEM                      ,ELDOCHEM PHARMACY LTD
KE,Laborex,ELDOFLOREX CHEMIST            ,ELDOFLOREX CHEMIST
KE,Laborex,ELDOHOSP PHARMACEUTICAL LTD EL,ELDOHOSP PHARMACEUTICALS LTD - Eldoret
KE,Laborex,ELDOHOSP PHARMACEUTICAL LTD NB,ELDOHOSP PHARMACEUTICALS LTD - Nairobi
KE,Laborex,ELEMENTAITA PHARMACEUTICALS   ,ELEMENTAITA PHARMACEUTICALS
KE,Laborex,ELGON VIEW HOSPITAL           ,ELGON VIEW HOSPITAL
KE,Laborex,ELIM CENTRAL PHARMACY         ,ELIM CENTRAL PHARMACY
KE,Laborex,ELMART PHARMA LTD             ,ELMART PHARMA LTD             
KE,Laborex,END CHEM PHARMACY             ,END CHEM PHARMACY
KE,Laborex,ESSENTIAL CARDIO SERVICES     ,ESSENTIAL CARDIO SERVICES
KE,Laborex,ETHOPIAN AIRLINES ENTERPRISE  ,ETHOPIAN AIRLINES ENTERPRISE
KE,Laborex,EVANS SUNRISE MEDICAL CENTRE  ,EVANS SUNRISE MEDICAL CENTRE
KE,Laborex,EXECUTIVE CARE PHARMACEUTICAL ,EXECUTIVE CARE PHARMACEUTICAL
KE,Laborex,FAITH PHARMACY                ,FAITH PHHARMACY
KE,Laborex,FAIZ PHARMACY LTD             ,FAIZ PHARMACY - MOMBASA -
KE,Laborex,FAMILY MEDICAL SUPPLIES LTD   ,FAMILY MEDICAL SUPPLIES LTD
KE,Laborex,FANSHO PHARMACY               ,FANSHO PHARMACY
KE,Laborex,FIG TREE HEALTHY OPTIONS      ,FIG TREE HEALTHY OPTIONS
KE,Laborex,FLORIAN CHEMIST               ,FLORIAN CHEMIST               
KE,Laborex,FORCE MEMORIAL HOSPITAL       ,FORCES MEMORIAL HOSPITAL
KE,Laborex,FOUNTAIN HEALTHCARE           ,FOUNTAIN HEALTHCARE
KE,Laborex,FREB PHARMACEUTICALS LTD      ,FREB PHARMACEUTICALS LTD
KE,Laborex,FRIENDS CHEMISTS LTD          ,FRIENDS CHEMISTS LTD
KE,Laborex,FROS CHEMISTS                 ,FROSCHEM CHEMISTS
KE,Laborex,GATEHOUSE MEDICAL CENTRE      ,GATEHOUSE MEDICAL CENTRE
KE,Laborex,GATHIMAINI PHARMACY CO. LTD   ,GATHIMAINI PHARMACY
KE,Laborex,GENERICS AFRICA LTD           ,GENERIC AFRICA LTD
KE,Laborex,GERMAN MEDICAL CENTER         ,GERMAN MEDICAL CENTER
KE,Laborex,GERTRUDES G.CHILDREN BURUBURU ,GERTRUDES G.CHILDREN BURUBURU
KE,Laborex,GETEMBE PHARMACY              ,GETEMBE PHARMACY KISUMUAC
KE,Laborex,GOODLIFE PHARMACY LIMITED     ,GOODLIFE PHARMACY LIMITED
KE,Laborex,GRACEPARK MEDICAL CENTRE      ,GRACEPARK MEDICAL CENTRE
KE,Laborex,GRAND CHEMIST                 ,GRAND CHEMIST
KE,Laborex,GREENLIFE PHARMA LIMITED      ,Greenlife Pharma Ltd
KE,Laborex,GREENMONT MEDICAL CENTER      ,GREENMONT MEDICAL CENTER
KE,Laborex,GUARDIAN CHEMIST              ,GUARDIAN PHARMACEUTICALS
KE,Laborex,HALISI FAMILY HOSPITAL        ,HALISI FAMILY HOSPITAL
KE,Laborex,HARIPHARM PHARMACEUTICALS LTD ,HARIPHARM PHARMACEUTICALS LTD 
KE,Laborex,HARLEY'S LIMITED              ,HARLEYS (NAIROBI) LTD
KE,Laborex,HARTLANE PHARMACEUTICALS LTD  ,HARTLANE PHARMACEUTICALS LTD
KE,Laborex,HAZLET PHARMACY               ,HAZLET PHARMACY               
KE,Laborex,HEALTH AID CHEMIST            ,HEALTH AID CHEMIST
KE,Laborex,HEALTH MEISTER PHARMACY       ,HEALTH MEISTER PHARMACY       
KE,Laborex,HEALTH SOURCE MEDICAL CENTER  ,HEALTH SOURCE MEDICAL CENTER
KE,Laborex,HEALTHWAY CHEMIST             ,HEALTHWAY CHEMIST - TOM MBOYA
KE,Laborex,HEALTHWAYS MEDICAL CENTER     ,HEALTHWAYS MEDICAL CENTER
KE,Laborex,HEMLOCK PHARMACY LTD          ,HEMLOCK PHARMACY LTD
KE,Laborex,HIGHCHEM PHARMACEUTICALS      ,HIGHCHEM PHARMACEUTICALS
KE,Laborex,HIGHRIDGE PHARMACY LTD        ,HIGHRIDGE PHARMACY LTD
KE,Laborex,HIGHTONE PHARMACY             ,HIGHTONE PHARMACY-CASH
KE,Laborex,HIJAZ PHARMACEUTICALS LTD     ,HIJAZ PHARMACEUTICALS LTD     
KE,Laborex,HILLSIDE PHARMACY             ,HILLSIDE PHARMACY
KE,Laborex,HOST PHARMACY                 ,HOST PHARMACY
KE,Laborex,HUNTSCARE PHARMACY            ,HUNTSCARE PHARMACY
KE,Laborex,IMANI HOSPITAL                ,IMANI HOSPITAL
KE,Laborex,IMARA MEDICAL CENTRE          ,IMARA MEDICAL CENTRE
KE,Laborex,INKAMED PHARMACEUTICALS       ,INKAMED PHARMACEUTICALS
KE,Laborex,INSTANT PHARMACY              ,INSTANT PHARMACY
KE,Laborex,ISAJE CHEMIST                 ,ISAJE CHEMIST CASH
KE,Laborex,ISENYA PHARMACY               ,ISENYA PHARMACY
KE,Laborex,ITABUA CHEMIST                ,ITABUA CHEMIST
KE,Laborex,IVORY HEALTH SOLUTIONS        ,IVORY HEALTH SOLUTIONS
KE,Laborex,JACK'S PHARMACY               ,JACKS PHARMACY LTD
KE,Laborex,JALARAM MEDICAL SERVICES      ,JALARAM MEDICAL CENTER
KE,Laborex,JAMBO MEDICAL CLINIC          ,JAMBO MEDICAL CLINIC - MOMBASA
KE,Laborex,JAMII HOSPITAL                ,JAMII HOSPITAL                
KE,Laborex,JANKINPURE MEDPLUS GROUP K LTD,JANKINPURE MEDPLUS GROUP K LTD
KE,Laborex,JARAMOGI OGINGA ODINGA UNI.   ,JARAMOGI OGINGA ODINGA UNI.   
KE,Laborex,JASLIM PHARMACY LTD           ,JASLIM PHARMACY LTD
KE,Laborex,JERUPHARM CHEMIST LTD         ,JERUPHARM CHEMIST LTD         
KE,Laborex,JOCHAM HOSPITAL               ,JOCHAM HOSPITAL LTD - MOMBASA
KE,Laborex,JOKAM PHARMACY                ,JOKAM PHARMACY
KE,Laborex,JOYKIM NURSING HOME           ,JOYKIM NURSING HOME
KE,Laborex,JOYLAND PHARMACY              ,JOYLAND PHARMACY
KE,Laborex,K.I.R.E.C  LTD                ,K.I.R.E.C LTD
KE,Laborex,KABARAK UNIVERSITY            ,KABARAK UNIVERSITY
KE,Laborex,KAIMOSI FRIENDS UNIVERSITY    ,KAIMOSI FRIENDS UNIVERSITY    
KE,Laborex,KAKA MEDICAL CLINIC           ,KAKA MEDICAL CLINIC
KE,Laborex,KAM PHARMACY LTD(IPS)         ,KAM PHARMACY LTD
KE,Laborex,KAM PHARMACY-HARAMBEE LTD     ,KAM PHARMACY LTD
KE,Laborex,KAPSASUR PHARMACY             ,KAPSASUR CHEMIST-CASH
KE,Laborex,KAREN CHEMISTS LTD            ,KAREN CHEMISTS LTD            
KE,Laborex,KAREN HOSPITAL                ,THE KAREN HOSPITAL
KE,Laborex,KARURI STORES PHARMACEUTICALS ,KARURI STORES PHARMACEUTICALS
KE,Laborex,KATEVINE PHARMACY             ,KATEVINE PHARMACY             
KE,Laborex,KAVAKAVA PHARMACY             ,KAVAKAVA PHARMACY LTD
KE,Laborex,KAVIRONDO CHEMIST LIMITED     ,KAVIRONDO CHEMIST LIMITED
KE,Laborex,KEMRI WELLCOME TRUST RES.     ,KEMRI WELLCOME TRUST RES.
KE,Laborex,KENGELENI PHARMACY            ,KENGELENI PHARMACY
KE,Laborex,KENGEN                        ,KENGEN                        
KE,Laborex,KENTONS LTD                   ,KENTONS LIMITED KISUMU AC
KE,Laborex,KENYA AIR FORCE               ,KENYA AIR FORCE
KE,Laborex,KENYA AIRWAYS PLC             ,KENYA AIRWAYS LIMITED
KE,Laborex,KENYA COLLEGE OF ACCOUNTANCY  ,KENYA COLLEGE OF ACCOUNTANCY  
KE,Laborex,KENYA ELECTRICITY GEN.CO.LTD  ,KENYA ELECTRICITY COMPANY
KE,Laborex,KENYA ELECTRICITY GEN.COMPANY ,KENYA ELECTRICITY COMPANY
KE,Laborex,KENYA HOSPITAL ASSOCIATION    ,THE NAIROBI HOSPITAL
KE,Laborex,KENYA MEDICAL SUPPLIES AGENCY ,KEMSA
KE,Laborex,KENYA NAVY BASE               ,KENYA NAVY BASE
KE,Laborex,KENYA PORTS AUTHORITY         ,KENYA PORTS AUTHORITY
KE,Laborex,KENYA POST OFFICE SAVINGS BANK,KENYA POST OFFICE SAVINGS BANK
KE,Laborex,KENYATTA NATIONAL HOSPITAL  MW,KENYATTA NATIONAL HOSPITAL
KE,Laborex,KENYATTA NATIONAL HOSPITAL  PW,KENYATTA NATIONAL HOSPITAL
KE,Laborex,KENYATTA UNIVERSITY           ,KENYATTA UNIVERSITY           
KE,Laborex,KERUGOYA PRIME                ,KERUGOYA PRIME
KE,Laborex,KIAMBU SPECIALISTS DOCTORS PLA,KIAMBU SPECIALISTS DOCTORS PLAZA
KE,Laborex,KILIMANI CHILDREN'S CLINIC LTD,KILIMANI CHILDREN'S CLINIC LTD
KE,Laborex,KINSEN PHARMACEUTICALS LTD    ,KINSEN PHARMACEUTICALS LTD
KE,Laborex,KISAO PHARMACY LTD            ,KISAO CHEMIST
KE,Laborex,KISIMA HEALTH FACILITY        ,KISIMA HEALTH FACILITY
KE,Laborex,KISUMU SPECIALISTS HOSPITAL   ,KISUMU SPECIALISTS HOSPITAL
KE,Laborex,KITALE NURSING MATERNITY HOME ,KITALE NURSING MATERNITY HOME
KE,Laborex,KITENGELA WEST HOSPITAL       ,KITENGELA WEST HOSPITAL       
KE,Laborex,KITPHARM CHEMIST              ,KITPHARM CHEMISTS - KITALE
KE,Laborex,KLINCARE PHARMACY             ,KLINCARE PHARMACY
KE,Laborex,KONA MTONGWE CHEMIST          ,KONA MTONGWE CHEMIST
KE,Laborex,KRISHNA CHEMISTS LTD          ,KRISHNA CHEMIST LTD
KE,Laborex,KULAL INTERNATIONAL LTD       ,KULAL INTERNATIONAL LTD
KE,Laborex,LAKEPHARM LTD                 ,LAKEPHARM LIMITED KISUMU AC
KE,Laborex,LAMAR CHEMIST                 ,LAMAR CHEMIST                 
KE,Laborex,LEBILLE PHARMACEUTICALS       ,LEBILLE PHARMACEUTICALS
KE,Laborex,LELESHWA PHARMACY             ,LELESHWA PHARMACY
KE,Laborex,LENANA PHARMACEUTICAL LTD     ,LENANA PHARMACEUTICAL LTD
KE,Laborex,LEO CHEMIST                   ,LEO CHEMIST KISUMU AC
KE,Laborex,LIFECARE HOSPITAL BUNGOMA LTD ,LIFECARE HOSPITALS BUNGOMA LTD
KE,Laborex,LIFECARE PHARMACEUTICALS LTD  ,LIFECARE PHARMACEUTICALS - ELDORET
KE,Laborex,LIFEMED PHARMACY LTD          ,LIFEMED PHARMACY LTD
KE,Laborex,LIFEPLUS PHARMACY             ,LIFEPLUS PHARMACY             
KE,Laborex,LIKONI CHEMIST LIMITED        ,LIKONI CHEMIST LIMITED
KE,Laborex,LINKAL CHEMIST                ,LINKAL CHEMIST
KE,Laborex,LUC PHARMACY                  ,LUC PHARMACY
KE,Laborex,LUTHULI PHARMACY              ,LUTHULI PHARMACY
KE,Laborex,MAIRUNE CHEMIST LTD           ,MAIRUNE CHEMIST LTD- MDS - PH
KE,Laborex,MAKADARA CHEMIST              ,MAKADARA CHEMISTS LTD. - MOMBASA
KE,Laborex,MAKUPA CHEMISTS LIMITED       ,MAKUPA CHEMISTS LIMITED - MOMBASA
KE,Laborex,MALIBU PHARMACY               ,MALIBU PHARMACY
KE,Laborex,MALINDI CHEMIST               ,MALINDI CHEMISTS LTD
KE,Laborex,MALINDI FIRST PHARMACY        ,MALINDI FIRST PHARMACY
KE,Laborex,MARY HELP OF THE SICK         ,MARY HELP OF THE SICK
KE,Laborex,MASENO UNIVERSITY COLLEGE     ,MASENO UNIVERSITY COLLEGE
KE,Laborex,MASINDE MULIRO UNIVERSITY     ,MASINDE MULIRO UNIVERSITY
KE,Laborex,MASTEN PHARMACEUTICALS        ,MASTEN PHARMACEUTICALS
KE,Laborex,MATER MISEROCORDIAE HOSPITAL  ,MATER MISEROCORDIAE HOSPITAL
KE,Laborex,MATHIOYA CHEMIST              ,MATHIOYA DISPENSING CHEMISTS
KE,Laborex,MAUA HILLTOP PHARMACY         ,MAUA HILLTOP PHARMACY
KE,Laborex,MAXIMA PHARMACEUTICALS        ,MAXIMA PHARMACEUTICALS
KE,Laborex,MBETI PHARMACY                ,MBETI PHARMACY
KE,Laborex,MEDICARE CLINIC               ,MEDICARE CLINIC
KE,Laborex,MEDICATIA HOSPITAL LIMITED    ,MEDICATIA HOSPITAL LIMITED    
KE,Laborex,MEDICHEM PHARMACY             ,MEDICHEM PHARMACY
KE,Laborex,MEDIKOSS CHEMISTS             ,MEDIKOSS CHEMISTS
KE,Laborex,MEDIMART HEALTHCARE LTD-TRM   ,MEDIMART HEALTHCARE LTD - THIKA ROAD
KE,Laborex,MEDIMAX MEDICAL CENTRE LIMITED,MEDIMAX MEDICAL CENTRE LIMITED
KE,Laborex,MEDINA PHARMACY               ,MEDINA PHARMACY LIMITED
KE,Laborex,MEDINA REMEDIES LIMITED       ,MEDINA REMEDIES LIMITED       
KE,Laborex,MEDIO CARE PHARMACEUTICALS LTD,MEDIO CARE PHARMACEUTICALS - HOMABAY
KE,Laborex,MEDS PHARMACEUTICALS  LTD     ,MEDS PHARMACEUTICALS LTD
KE,Laborex,MEDSCHEME PHARMACY LTD        ,MEDSCHEM PHARMACY LTD
KE,Laborex,MEGALIFE LTD                  ,MEGALIFE LTD
KE,Laborex,MEMON MEDICAL CENTRE          ,MEMON MEDICAL CENTRE
KE,Laborex,MERCURY PHARMACEUTICALS       ,MERCURY PHARMACEUTICALS
KE,Laborex,MERU DOCTORS PLAZA LTD        ,MERU DOCTORS PLAZA LTD
KE,Laborex,METROPOLITAN CHEMISTS LTD     ,METROPOLITAN CHEMISTS LTD
KE,Laborex,METROPOLITAN CHEMISTS LTD NRB ,METROPOLITAN CHEMISTS LTD
KE,Laborex,METROPOLITAN HOSPITALS LTD    ,METROPOLITAN HOSPITAL LTD
KE,Laborex,MISSION FOR E DRUGS & SUPPLIES,MISSION FOR ESSENTIAL DRUGS (M.E.D.S)
KE,Laborex,MITRA PHARMACEUTICALS         ,MITRA PHARMACEUTICALS - KAKAMEGA
KE,Laborex,MOI TEACHING & REFERRAL HOSP  ,MOI TEACHING & REFERRAL HOSP (M.T.R.H)
KE,Laborex,MOMBASA HOSPITAL              ,MOMBASA HOSPITAL
KE,Laborex,MORPHIC PHARMACEUTICALS LTD   ,MORPHIC PHARMACEUTICALS LTD   
KE,Laborex,MOTHERLAND PHARMACEUTICALS    ,MOTHERLAND PHARMACEUTICALS    
KE,Laborex,MOTHERS PHARMACY              ,MOTHERS PHARMACY - ELD ACC
KE,Laborex,MPESA CASH ACCOUNT ELDORET    ,MPESA CASH ACCOUNT ELDORET
KE,Laborex,MPESA CASH ACCOUNT HEAD OFFICE,MPESA CASH ACCOUNT HEAD OFFICE
KE,Laborex,MPESA CASH ACCOUNT KISUMU     ,MPESA CASH ACCOUNT KISUMU
KE,Laborex,MPESA CASH ACCOUNT KOINANGE   ,MPESA CASH ACCOUNT KOINANGE
KE,Laborex,MPESA CASH ACCOUNT MOMBASA    ,MPESA CASH ACCOUNT MOMBASA
KE,Laborex,MPESA CASH ACCOUNT MT.KENYA   ,MPESA CASH ACCOUNT MT.KENYA
KE,Laborex,MPESA CASH ACCOUNT NAKURU     ,MPESA CASH ACCOUNT NAKURU
KE,Laborex,MSF  KENYA FINANCE            ,MSF KENYA FINANCE
KE,Laborex,MTRH PRIVATE WING PHARMACY    ,MOI TEACHING & REFERRAL HOSP (M.T.R.H)
KE,Laborex,MUIGANANIA PHARMACY           ,MUIGANANIA PHARMACY
KE,Laborex,MUTINDWA CHEMISTS LTD         ,MUTINDWA CHEMISTS LTD
KE,Laborex,MWANAINCHI EAST PHARMACY      ,MWANAINCHI EAST PHARMACY      
KE,Laborex,MWEMBENI PHARMACY BAMBURI     ,MWEMBENI PHARMACY BAMBURI
KE,Laborex,MXRX ONE STOP PHARMACY LTD    ,MXRX ONE STOP PHARMACY LTD
KE,Laborex,MYRIAD PHARMACEUTICALS        ,MYRIAD PHARMACEUTICALS
KE,Laborex,NABONGO MUMIAS CHEMISTS       ,NABONGO MUMIAS CHEMISTS
KE,Laborex,NAIROBI ENTERPRISES LTD       ,NAIROBI ENTERPRISES LIMITED
KE,Laborex,NAIROBI SOUTH MEDICAL CENTER  ,NAIROBI SOUTH HOSPITAL
KE,Laborex,NAIROBI WEST HOSPITAL         ,NAIROBI WEST HOSPITAL
KE,Laborex,NAIROBI WOMEN'S HOSPITAL      ,NAIROBI WOMENS HOSPITAL LTD
KE,Laborex,NAKURU AFYA CHEMIST           ,NAKURU AFYA CHEMIST
KE,Laborex,NAKURU CLINICAL UNIT          ,NAKURU CLINICAL UNIT
KE,Laborex,NAKURU HEART CENTRE           ,NAKURU HEART CENTRE
KE,Laborex,NAKURU MATERNITY NURSING HOME ,NAKURU NURSING HOME
KE,Laborex,NARASHA CHEMIST LIMITED       ,NARASHA CHEMIST LIMITED       
KE,Laborex,NAS AIRPORT SERVICES LTD      ,NAS AIRPORT SERVICES LTD
KE,Laborex,NEEMA HOSPITAL KAHAWA SUKARI  ,Neema Hospital Kahawa Sukari
KE,Laborex,NEEMA PHARMACY LTD            ,NEEMA PHARMACY LTD
KE,Laborex,NEW COAST VIEW CHEMIST        ,NEW COAST VIEW CHEMIST
KE,Laborex,NEW VIPINGO PHARMACY          ,NEW VIPINGO PHARMACY
KE,Laborex,NGARA MEDICAL COMPLEX         ,NGARA MEDICAL COMPLEX
KE,Laborex,NICHE PHARM PHARMACY          ,NICHE PHARM PHARMACY
KE,Laborex,NILA PHARMACY                 ,NILA PHARMACEUTICALS
KE,Laborex,NILSON PHARMA LTD NAKURU      ,NILSON PHARMACEUTICALS LTD
KE,Laborex,NILSON PHARMACEUTICALS LTD    ,NILSON PHARMACEUTICALS LTD
KE,Laborex,NJIMIA PHARMACEUTICALS LTD    ,NJIMIA PHARMACEUTICALS LTD
KE,Laborex,NJOMBU PHARMACY               ,NJOMBU PHARMACY
KE,Laborex,NORTHCOAST PHARMACY           ,NORTHCOAST PHARMACY
KE,Laborex,NORTHERN PHARMACY LIMITED     ,NORTHERN PHARMACY
KE,Laborex,NYAKHOE PHARMACY              ,NYAKOE CHEMIST KISUMU AC
KE,Laborex,NYALI BRIDGE MOMBASA HOSPITAL ,NYALI BRIDGE MOMBASA HOSPITAL
KE,Laborex,NYALI CHEMIST MOMBASA         ,NYALI CHEMIST MOMBASA
KE,Laborex,OAKTREECENTRE FOR KIDNEY AND C,OAKTREECENTRE FOR KIDNEY AND C
KE,Laborex,OCEAN STAR PHARMACY           ,OCEAN STAR PHARMACY
KE,Laborex,OMAERA PHARMACY LTD           ,OMAERA PHARMACEUTICALS LTD.
KE,Laborex,OMNICARE PHARMACEUTICALS      ,OMNICAREE PHARMACEUTICALS
KE,Laborex,ONE HEALTH LIMITED            ,ONE HEALTH LIMITED            
KE,Laborex,OPERA PHARMA (K) LTD          ,OPERA PHARMA (K) LTD
KE,Laborex,ORLEV PHARMACEUTICALS LTD     ,ORLEV PHARMACEUTICALS LTD
KE,Laborex,ORYNX PHARMA LIMITED          ,ORYNX PHARMA LIMITED          
KE,Laborex,OTHAYA CHEMISTS               ,OTHAYA CHEMISTS
KE,Laborex,OUTSPAN HOSPITAL-EMBU         ,NYERI MED SERV LTD/OUTSPAN HSP
KE,Laborex,OUTSPANS  HOSPITAL            ,NYERI MED SERV LTD/OUTSPAN HSP
KE,Laborex,PALM BEACH HOSPITAL           ,PALM BEACH HOSPITAL
KE,Laborex,PANDYA MEMORIAL HOSPITAL      ,PANDYA MEMORIAL HOSPITAL - MOMBASA
KE,Laborex,PATSONS CHEMIST LTD           ,PATSONS CHEMIST KISUMU AC
KE,Laborex,PAWA HEALTHCARE LTD           ,PAWA HEALTHCARE LTD           
KE,Laborex,PCEA CHOGORIA HOSPITAL        ,PCEA CHOGORIA HOSPITAL        
KE,Laborex,PCEA KIKUYU HOSPITAL          ,P.C.E.A. KIKUYU HOSPITAL
KE,Laborex,PCEA KIKUYU ORTHOPEDIC REHAB  ,P.C.E.A. KIKUYU HOSPITAL
KE,Laborex,PHARMA & ALLIED LOGISTICS LTD ,PHARMA & ALLIED LOGISTICS LTD 
KE,Laborex,PHARMACARE PHARMACEUTICALS    ,PHARMACARE PHARMACEUTICALS
KE,Laborex,PHARMACEUTICA 1985 LTD        ,PHARMACEUTICA (1985) LTD
KE,Laborex,PHARMACHOICE PHARMACEUITCALS  ,PHARMACHOICE PHARMACEUTICALS LTD
KE,Laborex,PHARMACLAN PHARMACEUTICALS LTD,PHARMACLAN - CASH
KE,Laborex,PHARMACY LINKS                ,PHARMACY LINKS C/O MURAVEJ HOLDINGS
KE,Laborex,PHARMAPLUS PHARMACEUTICALS LTD,PHARMAPLUS PHARMACEUTICALS LTD
KE,Laborex,PHARMART ABC CHEMIST LTD      ,PHARMART CHEMIST LIMITED.
KE,Laborex,PHARMART GALLERIA CHEMIST LTD ,PHARMART CHEMIST LIMITED.
KE,Laborex,PHARMORE PHARMACY             ,PHARMORE PHARMACY LIMITED
KE,Laborex,PHARMROB CHEMIST              ,PHARMROB CHEMIST
KE,Laborex,PHILMED LIMITED               ,PHILMED LIMITED
KE,Laborex,PILOT PHARMACEUTICALS         ,PILOT PHARMACEUTICAL LIMITED
KE,Laborex,PIOCHEM LTD                   ,PIOCHEM LTD KISUMU AC
KE,Laborex,PLATINUM SUGERY CENTRE        ,PLATINUM SURGERY CENTER - CASH
KE,Laborex,PORTAL PHARMACY               ,PORTAL PHARMACY
KE,Laborex,PRECIOUS LIFE HEALTHCARE      ,PRECIOUS LIFE HEALTHCARE
KE,Laborex,PREMIER HOSPITAL LIMITED      ,PREMIER HOSPITAL LIMITED
KE,Laborex,PRIMELIFE PHARMACEUTICALS LTD ,PRIMELIFE PHARMACEUTICALS
KE,Laborex,PRIMEPHARM PHARMACY KARATINA  ,PRIMEPHARM PHARMACY KARATINA  
KE,Laborex,PRIRAPHARM THE CHEMIST        ,PRIRAPHARM CHEMIST
KE,Laborex,PRIX PHARMA CHEMIST           ,PRIX PHARMACEUTICALS-CASH
KE,Laborex,QUEENSVILLE PHARMACY LTD      ,QUEENS VILLE PHARMACY LTD
KE,Laborex,QUINTONS PHARMACY LIMITED     ,QUINTONS PHARMACY LIMITED
KE,Laborex,RAJ PHARMACY                  ,RAJ PHARMACY LIMITED
KE,Laborex,RAM PHARMACEUTICALS LIMITED   ,RAM PHARMACEUTICALS LIMITED
KE,Laborex,RANGECHEM PHARMACEUTICALS LTD ,RANGECHEM PHARMACEUTICALS LTD
KE,Laborex,RAPHA HOSPITAL                ,RAPHA HOSPITAL
KE,Laborex,RAPHA MEDICAL CENTER          ,RAPHA HOSPITAL
KE,Laborex,REALE MEDICAL CENTER LTD      ,REALE MEDICAL CENTRE LTD.
KE,Laborex,REEYA PHARMACEUTICALS         ,REEYA PHARMACEUTICALS
KE,Laborex,RELIANCE HOSPITAL LIMITED     ,RELIANCE HOSPITAL LIMITED     
KE,Laborex,RELIANT PHARMACEUTICAL LTD    ,RELIANT PHARMACEUTICAL LTD
KE,Laborex,RFH HEALTHCARE (K) LTD        ,RFH HEALTHCARE (K) LTD        
KE,Laborex,RIDDHI PHARMACEUTICALS        ,RIDDHI PHARMACEUTICALS
KE,Laborex,RIDGE PHARMACEUTICALS         ,RIDGE PHARMACEUTICALS
KE,Laborex,RUKI PHARMACY                 ,RUKI PHARMACY                 
KE,Laborex,RUP PHARM LTD                 ,RUP PHARM LTD
KE,Laborex,RWAN PHARMACY LTD             ,RWAN PHARMACY LTD
KE,Laborex,SAGITARIX LTD                 ,SAGITARIX LTD
KE,Laborex,SAID MOHAMED MZEE             ,SAID MOHAMED MZEE             
KE,Laborex,SAIFEE FOUNDATION & CENTRE    ,SAIFEE FOUNDATION & CENTRE
KE,Laborex,SAINARD PHARMACEUTICALS LTD   ,SAINARD PHARMACEUTICALS LTD   
KE,Laborex,SAKO PHARAMCY LTD             ,SAKO PHARMACEUTICALS
KE,Laborex,SALAMA PHARMACEUTICALS        ,SALAMA PHARMACEUTICALS
KE,Laborex,SALES: ELDORET 71             ,CASH SALE CUSTOMER - ELDORET
KE,Laborex,SALES: KISUMU 60              ,CASH SALE CUSTOMER - KISUMU
KE,Laborex,SALES: MOMBASA 68             ,CASH SALE CUSTOMER - MOMBASA
KE,Laborex,SALES: MOMBASA 69             ,CASH SALE CUSTOMER - MOMBASA
KE,Laborex,SALES: NAIROBI 62             ,CASH SALES CUSTOMER - NAIROBI
KE,Laborex,SALES: NAIROBI 63             ,CASH SALES CUSTOMER - NAIROBI
KE,Laborex,SALES: NAIROBI 64             ,CASH SALES CUSTOMER - NAIROBI
KE,Laborex,SALES: NAIROBI 72             ,CASH SALES CUSTOMER - NAIROBI
KE,Laborex,SALES: NAKURU 67              ,CASH SALES CUSTOMER - NAKURU
KE,Laborex,SAMBALAT CHEMIST              ,SAMBALAT CHEMIST - CASH
KE,Laborex,SAOLA PHARMACEUTICALS LIMITED ,SAOLA PHARMACEUTICALS LIMITED
KE,Laborex,SAYYIDA FATIMA HOSPITAL       ,SAYYIDA FATIMAH HOSPITAL - MOMBASA
KE,Laborex,SCANPHARMTECK CO LTD          ,SCANPHARMTECK CO LTD          
KE,Laborex,SEGUTON CENTRAL PHARMACY      ,SEGUTON CENTRAL PHARMACY
KE,Laborex,SERENE PHARMACY               ,SERENE PHARMACY
KE,Laborex,SHELL PHARMACEUTICALS LIMITED ,SHELL PHARMACEUTICALS LIMITED
KE,Laborex,SHIELD PHARMACEUTICALS LTD    ,SHIELD PHARMACEUTICALS LIMITED
KE,Laborex,SHIFA CHEMIST                 ,SHIFA CHEM LTD. - MOMBASA
KE,Laborex,SHIKAMED PHARMACY LIMITED     ,SHIKAMED PHARMACY LIMITED
KE,Laborex,SHORELINE PHARMACY            ,SHORELINE PHARMACY
KE,Laborex,SILOAM HOSPITAL               ,SILOAM HOSPITAL
KE,Laborex,SOCIAL SERV LMP SHAH HOSPITAL ,M.P SHAH HOSPITAL
KE,Laborex,SONACHEM                      ,SONACHEM PHARMACEUTICALS
KE,Laborex,SOUTH STREET PHARMACY         ,SOUTH STREET PHARMACY         
KE,Laborex,ST.LUKES ORTHO & TRAUMA HOSP  ,ST LUKES ORTHOPAEDICS & TRAUMA HOSPITAL
KE,Laborex,STAFF: ANTHONY DINGA          ,CASH SALES STAFF
KE,Laborex,STAFF: CATHERINE MATHERI      ,CASH SALES STAFF
KE,Laborex,STAFF: DOUGLAS KIUNGA       NB,CASH SALES STAFF
KE,Laborex,STAFF: GEOFFREY MALUKI NGOVI  ,CASH SALES STAFF
KE,Laborex,STAFF: HESLA JEMUTAI          ,CASH SALES STAFF
KE,Laborex,STAFF: JAMES KARIUKI        NB,CASH SALES STAFF
KE,Laborex,STAFF: LYDIAH WAMBUGU         ,CASH SALES STAFF
KE,Laborex,STAFF: NELLY KAMAU          NB,CASH SALES STAFF
KE,Laborex,STAFF:ESTHER MAMTOSHU         ,CASH SALES STAFF
KE,Laborex,STAGEVIEW PHARMACY            ,STAGEVIEW PHARMACY
KE,Laborex,STRATHMORE UNIVERSITY         ,STRATHMORE MEDICAL CENTRE
KE,Laborex,SUBUKIA PHARMACY LIMITED      ,SUBUKIA PHARMACY LIMITED
KE,Laborex,SUPREME PHARMACY              ,SUPREME PHARMACY LTD
KE,Laborex,SURGIK PHARMACEUTICALS LTD    ,SURGIK PHARMACEUTICALS LTD
KE,Laborex,SVG HEALTHCARE LTD            ,SVG HEALTHCARE LTD
KE,Laborex,SWITZER CHEMIST               ,SWITZER CHEMIST
KE,Laborex,SYMBIO HEALTHCARE LIMITED     ,SYMBIO HEALTHCARE LIMITED
KE,Laborex,TAKE 1 PHARMACY LTD           ,TAKE 1 PHARMACY LTD
KE,Laborex,TAN PHARMACY                  ,TAN PHARMACY
KE,Laborex,TEALANDS CHEMISTS LIMITED     ,TEALANDS CHEMISTS LIMITED
KE,Laborex,TEMPLE STORES PHARMACEUTICALS ,TEMPLE STORES PHARMACEUTICALS
KE,Laborex,TENWEK HOSPITAL               ,TENWEK HOSPITAL
KE,Laborex,THE KENYA ARMY                ,KENYA ARMY HEADQUARTERS
KE,Laborex,THWAKE PHARMACY               ,THWAKE PHARMACY
KE,Laborex,TOPHILL HOSPITAL              ,TOPHILL HOSPITAL
KE,Laborex,TOUCHSTONE PHARMACEUTICALS LTD,TOUCHSTONE PHARMACEUTICALS LTD
KE,Laborex,TRANSCHEM PHARMACEUTICALS     ,TRANSCHEM PHARMACEUTICALS
KE,Laborex,TRANSLATIONS HEALCARE LTD     ,TRANSLATIONS HEALCARE LTD
KE,Laborex,TRANSMEGA KENYA LTD           ,TRANSMEGA KENYA LTD
KE,Laborex,TRANSWIDE PHARMACEUTICALS     ,TRANSWIDE PHARMACEUTICALS LTD
KE,Laborex,TRIDEV PHARMACEUTICALS LTD    ,TRIDEV PHARMACEUTICAL LTD
KE,Laborex,TRIOMED LIMITED               ,TRIOMED LIMITED
KE,Laborex,ULTRAMED HEALTHCARE LIMITED   ,ULTRAMED HEALTHCARE LIMITED
KE,Laborex,UNITED STATES INTER UNIVERSITY,U.S.I.U MEDICAL CENTRE
KE,Laborex,UNIVERSITY OF EASTERN AFRICA  ,UNIVERSITY OF EASTERN AFRICA
KE,Laborex,UNIVERSITY OF NAIROBI STAFF   ,UNIVERSITY OF NAIROBI STAFF   
KE,Laborex,UPPERHILL MEDICAL CENTER PHRCY,UPPER HILL MEDICAL CENTRE LTD
KE,Laborex,UTAMADUNI PHARMACEUTICALS     ,UTAMADUNI PHARMACEUTICALS LTD
KE,Laborex,VANTAGE HEALTHCARE SOLUTIONS  ,VANTAGE HEALTHCARE SOLUTIONS  
KE,Laborex,VETERAN PHARMACEUTICAL LTD    ,VETERAN PHARMACEUTICALS LTD
KE,Laborex,VICTORIA HEALTHCARE LTD       ,VICTORIA HEALTHCARE LTD
KE,Laborex,VIRDI PHARMACY                ,VIRDI PHARMACY LTD
KE,Laborex,WAMBUGU PHARM CHEMIST         ,WAMBUGU PHARM CHEMIST
KE,Laborex,WARWICK MEDICAL CENTER        ,WARWICK MEDICAL CENTER
KE,Laborex,WAYSIDE CHEMIST               ,WAYSIDE CHEMIST
KE,Laborex,WESTMALL CHEMIST LTD          ,WESTMALL CHEMIST LTD
KE,Laborex,WHOLESALE CASH ACCOUNT KISUMU ,WHOLESALE CASH ACCOUNT KISUMU
KE,Laborex,WHOLESALE CASH ACCOUNT MOMBASA,WHOLESALE CASH ACCOUNT MOMBASA
KE,Laborex,WHOLESALECASH ACCOUNT HEADQ NB,CASH SALE CUSTOMER
KE,Laborex,WIMAH CHEMIST                 ,WIMAH CHEMIST
KE,Laborex,WINSTONS HERITAGE PHARMACY LTD,WINSTONS HERITAGE PHARMACY LTD
KE,Laborex,WOODS PHARMACEUTICALS LTD     ,WOODS PHARMACEUTICALS LTD
KE,Laborex,YAYA CHEMIST                  ,YAYA CHEMIST
KE,Laborex,YUCARE PHARMACY LTD           ,YUCARE PHARMACY LTD
KE,Laborex,ZEN PHARMACEUTICALS           ,ZEN PHARMACEUTICALS           
KE,Laborex,ZYDUS LIMITED                 ,ZYDUS LIMITED
KE,Surgipharm,AAR HEALTHCARE (KENYA) LIMITED - MSA,AAR HEALTHCARE (KENYA) LIMITED - MSA
KE,Surgipharm,AAR HEALTHCARE (KENYA) LIMITED - NBI,AAR HEALTHCARE KENYA LTD
KE,Surgipharm,ACHIMS CHEMIST,ACHIMS CHEMIST
KE,Surgipharm,ACHIRAL PHARMACEUTICALS,ACHIRAL PHARMACEUTICALS
KE,Surgipharm,ADAKIM CHEMIST(2010) LTD.,ADAKIM CHEMIST
KE,Surgipharm,AFRICA GREATNESS PHARMACEUTICALS CONSULTANTS,A G PHARMACEUTICAL
KE,Surgipharm,AFRICAN PHARMACEUTICALS LTD,AFRICAN PHARMACEUTICALS LTD
KE,Surgipharm,AFRICARE DISTRIBUTORS LTD.,AFRICARE DISTRIBUTORS LTD.
KE,Surgipharm,AFRICARE LTD,AFRICARE DISTRIBUTORS LTD.
KE,Surgipharm,AFYA INTERNATIONAL HOSPITAL,AFYA INTERNATIONAL HOSPITAL
KE,Surgipharm,AGA KHAN HEALTH SERVICES(KSM),AGA KHAN HOSPITAL KISUMU
KE,Surgipharm,AGA KHAN HOSPITAL (MSA),AGA KHAN HOSPITAL MOMBASA
KE,Surgipharm,AGA KHAN HOSPITAL (NRB),AGA KHAN HOSPITAL NAIROBI
KE,Surgipharm,AGMART PHARMACEUTICALS,AGMART PHARMACEUTICALS
KE,Surgipharm,AHLAM CHEMISTS,AHLAM CHEMIST
KE,Surgipharm,ALFA CHEMIST,ALFA CHEMIST
KE,Surgipharm,AL-HIDDAYA PHARMACEUTICALS LTD.,AL-HIDDAYA PHARMACEUTICALS LTD.
KE,Surgipharm,ALJAZEERA MEDICAL CENTRE LTD,ALJAZEERA MEDICAL CENTRE LTD
KE,Surgipharm,AL-MANAAR PHARMACEUTICALS LTD,AL-MANAAR PHARMACEUTICALS LTD
KE,Surgipharm,AL-SHIFA PHARMACY,AL-SHIFA PHARMACY LTD - MOMBASA
KE,Surgipharm,AM PHARMA SURGICAL LTD,AM PHARMA SURGICAL LTD
KE,Surgipharm,APOCARE PHARMACY LTD,APOCARE PHARMACY LTD
KE,Surgipharm,APOLO HEALTHCARE - NAIROBI,APOLO HEALTHCARE - NAIROBI
KE,Surgipharm,ARACHIS PHARMACEUTICALS LTD,ARACHIS PHARMACEUTICALS LTD
KE,Surgipharm,ARMY DRUG STORE (SUSP A/C),KENYA ARMY HEADQUARTERS
KE,Surgipharm,ASTRAPHARM CHEMISTS LTD,ASTRAPHARM CHEMIST LIMITED
KE,Surgipharm,ATOM PHARMACEUTICALS LTD,ATOM PHARMACEUTICAL LTD
KE,Surgipharm,AVA PHARMACY LTD,AVA PHARMACY LTD
KE,Surgipharm,AVENUE HEALTHCARE  - EMBAKASI,AVENUE HEALTHCARE - EMBAKASI
KE,Surgipharm,AVENUE HEALTHCARE - ELDORET,AVENUE HEALTHCARE - ELDORET
KE,Surgipharm,AVENUE HEALTHCARE - ENTERPRISE,AVENUE HEALTHCARE - ENTERPRISE
KE,Surgipharm,AVENUE HEALTHCARE  GARDEN CITY,AVENUE HEALTHCARE GARDEN CITY
KE,Surgipharm,AVENUE HEALTHCARE - KISUMU,AVENUE HEALTHCARE - KISUMU
KE,Surgipharm,AVENUE HEALTHCARE - LIFESTYLE.,AVENUE HEALTHCARE - NAIROBI BRANCH
KE,Surgipharm,AVENUE HEALTHCARE - NAKURU,AVENUE HEALTHCARE - NAKURU
KE,Surgipharm,AVENUE HEALTHCARE - NGONG ROAD,AVENUE HEALTHCARE - NGONG ROAD
KE,Surgipharm,AVENUE HEALTHCARE - RONGAI,AVENUE HEALTHCARE - RONGAI
KE,Surgipharm,AVENUE HEALTHCARE LTD(MSA),AVENUE HEALTHCARE LTD MOMBASA
KE,Surgipharm,AVENUE HEALTHCARE-BURUBURU,AVENUE HEALTHCARE-BURUBURU
KE,Surgipharm,AVENUE HEALTHCARE-GREENSPAN MALL,AVENUE HEALTHCARE-GREENSPAN MALL
KE,Surgipharm,AVENUE HEALTHCARE-LANGATA,AVENUE HEALTHCARE-LANGATA
KE,Surgipharm,AVENUE HEALTHCARE-SOUTH C,AVENUE HEALTHCARE-SOUTH C
KE,Surgipharm,AVENUE HEALTHCARE-THIKA,AVENUE HEALTHCARE LTD THIKA BR
KE,Surgipharm,AVENUE HOSPITAL LTD.,AVENUE HOSPITAL LTD.
KE,Surgipharm,AXAR PHARMACEUTICAL LTD.,AXAR PHARMACEUTICAL
KE,Surgipharm,BADAR PHARMACY LTD.,BADAR PHARMACY LTD.
KE,Surgipharm,BARAKAAT CHEMIST LTD.,BARAKAAT CHEMIST LIMITED
KE,Surgipharm,BATIAN PEAK PHARMACEUTICALS,BATIAN PEAK PHARMACEUTICALS LTD
KE,Surgipharm,BEKY HOLDINGS LIMITED,BEKY HOLDINGS PHARMACY LTD
KE,Surgipharm,BEL-EA PHARMACY LTD,BEL-EA PHARMACY LTD
KE,Surgipharm,BELLEVIEW SOUTH HOSPITAL LTD,BELLEVIEW SOUTH HOSPITAL       
KE,Surgipharm,BELMONT PHARMACEUTICALS LTD.,BELMONT PHARMACEUTICALS LTD
KE,Surgipharm,BENUNA CHEMISTS,BENUNA CHEMISTS
KE,Surgipharm,BIBO PHARMACEUTICALS LTD,BIBO PHARMACEUTICALS LTD
KE,Surgipharm,BILOVA CHEMISTS LTD,BILOVA CHEMISTS LTD
KE,Surgipharm,BLISS GVS HEALTHCARE LTD.,BLISS GVS HEALTHCARE LTD/ ASTERIXS
KE,Surgipharm,BOMENI CHEMIST LTD,BOMENI CHEMIST LTD
KE,Surgipharm,BOMU HOSPITAL,BOMU HOSPITAL
KE,Surgipharm,BURHANI PHARMACY,BURHANI PHARMACY - MOMBASA
KE,Surgipharm,CANAAN PHARMACEUTICALS LTD,CANAAN PHARMACEUITICAL LTD
KE,Surgipharm,CANARY PHARMACY,CANARY PHARMACY
KE,Surgipharm,CARE & CURE PHARMACY,CARE & CURE PHARMACY
KE,Surgipharm,CARE CHEMISTS,CARE CHEMIST LTD
KE,Surgipharm,CARE CHEMISTS LTD,CARE CHEMIST LTD
KE,Surgipharm,CARE HOSPITAL LTD,CARE HOSPITAL LIMITED
KE,Surgipharm,CASH ACCOUNT MSA,CASH SALE CUSTOMER - MOMBASA
KE,Surgipharm,CASH ACCOUNT MSA- 190106368,CASH SALE CUSTOMER - MOMBASA
KE,Surgipharm,CASH ACCOUNT MSA- AL-SHIFA,CASH SALE CUSTOMER - MOMBASA
KE,Surgipharm,CASH ACCOUNT MSA- ASHA,CASH ACCOUNT MOMBASA
KE,Surgipharm,CASH ACCOUNT MSA- AVENUE MSA,CASH SALE CUSTOMER - MOMBASA
KE,Surgipharm,CASH ACCOUNT MSA- C/O DR NAJI FOR MR MOMIN,CASH ACCOUNT MOMBASA
KE,Surgipharm,CASH ACCOUNT MSA- DR IBRAHIM,CASH ACCOUNT MOMBASA
KE,Surgipharm,CASH ACCOUNT MSA- DR MIOMIN,CASH SALE CUSTOMER
KE,Surgipharm,CASH ACCOUNT MSA- DR WANJALA ELDOHOSP,CASH SALE CUSTOMER
KE,Surgipharm,CASH ACCOUNT MSA- DR.IBRAHIM,CASH SALE CUSTOMER
KE,Surgipharm,CASH ACCOUNT MSA- DR.VAGHELA,CASH SALE CUSTOMER - MOMBASA
KE,Surgipharm,CASH ACCOUNT MSA- DR.WANJALA,CASH SALE CUSTOMER
KE,Surgipharm,CASH ACCOUNT MSA- MARINO HARDWARE,CASH SALE CUSTOMER - MOMBASA
KE,Surgipharm,CASH ACCOUNT MSA- MEWA,CASH ACCOUNT MOMBASA
KE,Surgipharm,CASH ACCOUNT MSA- MEWA HOSP,MEWA HOSPITAL
KE,Surgipharm,CASH ACCOUNT MSA- MEWA MEDICAL,CASH ACCOUNT MOMBASA
KE,Surgipharm,CASH ACCOUNT MSA- MEWA MEDICAL CENTRE,MEWA HOSPITAL
KE,Surgipharm,CASH ACCOUNT MSA- MEWA-DN 172984,CASH SALE CUSTOMER
KE,Surgipharm,CASH ACCOUNT MSA- MR MOMIN,CASH SALE CUSTOMER - MOMBASA
KE,Surgipharm,CASH SALE (C.O.D),CASH SALES CUSTOMER - NAIROBI
KE,Surgipharm,CASH SALE (C.O.D)- ABAAHI CHEMIST (C/O VERONICA),ABAAHI CHEMIST
KE,Surgipharm,CASH SALE (C.O.D)- ABAAHI CHEMIST (C/O VERONICA)/ INV 20396985,ABAAHI CHEMIST
KE,Surgipharm,CASH SALE (C.O.D)- BROCHE PHARMACY,BROCHE PHARMACY
KE,Surgipharm,CASH SALE (C.O.D)- BROSCH PHARMACY,CASH SALE CUSTOMER
KE,Surgipharm,CASH SALE (C.O.D)- DR ABDUL RAHMAN C/O MOHAMED,CASH SALE CUSTOMER
KE,Surgipharm,CASH SALE (C.O.D)- DR BHARAT PATEL,CASH SALE CUSTOMER
KE,Surgipharm,CASH SALE (C.O.D)- DR CHANA C/O NAIROBI WEST HOSPITAL,CASH SALE CUSTOMER
KE,Surgipharm,CASH SALE (C.O.D)- DR HITESH MAKWANA,CASH SALE CUSTOMER
KE,Surgipharm,CASH SALE (C.O.D)- DR P.C PATEL,CASH SALE CUSTOMER
KE,Surgipharm,CASH SALE (C.O.D)- DR RAMESH SHAH/DIPAM SHAH,CASH SALE CUSTOMER
KE,Surgipharm,CASH SALE (C.O.D)- DR. ABDULRAHMAN,CASH SALE CUSTOMER
KE,Surgipharm,CASH SALE (C.O.D)- DR. R.C PATEL C/O RISHANT,DR. R.C. PATEL
KE,Surgipharm,CASH SALE (C.O.D)- DR. RAMESH SHAH,CASH SALE CUSTOMER
KE,Surgipharm,CASH SALE (C.O.D)- DR.DESAI C/O KANTI PATEL,CASH SALE CUSTOMER
KE,Surgipharm,CASH SALE (C.O.D)- MODANA PHARMACY,CASH SALE CUSTOMER
KE,Surgipharm,CASH SALE (C.O.D)- MR GANATRA,CASH SALE CUSTOMER
KE,Surgipharm,CASH SALE (C.O.D)- MR. HABIB JIN- C/O DR. HUSSEIN JIN,CASH SALE CUSTOMER
KE,Surgipharm,CASH SALE (C.O.D)- PAWA HEALTHCARE LIMITED,PAWA HEALTHCARE LTD           
KE,Surgipharm,CASH SALE (C.O.D)- SARITA SOMAIA C/O SYLVESTRE,CASH SALE CUSTOMER
KE,Surgipharm,CASH SALE (C.O.D)- SILOAM HOSP APO-1348,CASH SALE CUSTOMER
KE,Surgipharm,CASH SALE (C.O.D)- SYNAPSE PHARMACEUTICALS LTD,CASH SALE CUSTOMER
KE,Surgipharm,CASH SALE NBI (C.O.D) - KSH,CASH SALES CUSTOMER - NAIROBI
KE,Surgipharm,CEDAR PHARMACARE LTD,CEDAR PHARMACARE LTD
KE,Surgipharm,CENTRAL BANK OF KENYA (CLINIC),CENTRAL BANK OF KENYA
KE,Surgipharm,CENTRE FOR HEART DISEASE AND DIABETES,CENTRE FOR HEART AND DISEASE & DIABETES - CASH
KE,Surgipharm,CENTRE FOR TROPICAL & TRAVEL MEDICINE.,CENTRE FOR TROPICAL&TRAVEL MED
KE,Surgipharm,CENTRE LINE PHARMACY,CENTRE LINE PHARMACY
KE,Surgipharm,CENTURION PHARMACY LTD.,CENTURION PHARMACY LTD
KE,Surgipharm,CHERATHIMO CHEMIST LIMITED,CHERATHIMO CHEMIST
KE,Surgipharm,CITY HEALTH LIMITED,CITY HEALTH LIMITED
KE,Surgipharm,CITY LINK PHARMA LTD,CITY LINK PHARMA LTD
KE,Surgipharm,CITYMED PHARMACY LTD.,Citymed Pharmacy
KE,Surgipharm,COAST PROVINCIAL  HOSP.,COAST PROVINCIAL HOSP.
KE,Surgipharm,COLUMBIA AFRICA HEALTHCARE LTD.,COLUMBIA AFRICA HEALTHCARE LTD
KE,Surgipharm,COPTIC CHURCH NURSING HOME,COPTIC HOSPITAL
KE,Surgipharm,COSTAVIS PHARMACEUTICALS LTD,COSTAVIS PHARMACEUTICALS LTD
KE,Surgipharm,DAMCO PHARMA LTD,DAMCO PHARMA LTD
KE,Surgipharm,DAN PHARMACIE LTD,DAN PHARMACIE LTD - KANGEMI
KE,Surgipharm,DAWAMART CHEMISTS  LTD,DAWAMART CHEMISTS  LTD
KE,Surgipharm,DELIVERY NOTE,DELIVERY NOTE
KE,Surgipharm,DELL-LIGHT PHARMACEUTICALS,DELL-LIGHT PHARMACEUTICALS.
KE,Surgipharm,DIABETES MANAGEMENT CENTRE,DIABETES MANAGEMENT CENTRE
KE,Surgipharm,DIAMOND ARCADE PHARMACY,DIAMOND ARCADE PHARMACY
KE,Surgipharm,DIANI BEACH HOSPITAL,DIANI BEACH HOSPITAL - MOMBASA
KE,Surgipharm,DISCHEM PHAMACIE,DISCHEM PHARMACIE
KE,Surgipharm,DOCPHARMA,DOCPHARMA LTD
KE,Surgipharm,DOVEYPHARMA LTD(NAIROBI),DOVEY PHARMACEUTICALS LIMITED
KE,Surgipharm,DR A A KIBWANA,DR A A KIBWANA
KE,Surgipharm,DR HEMANT PATEL,DR HEMANT PATEL
KE,Surgipharm,DR J C PATEL,DR. R.C. PATEL
KE,Surgipharm,DR S VAGHELA,CASH SALE CUSTOMER
KE,Surgipharm,DR. GAMAN MOHAMED,DR. GAMAN MOHAMED
KE,Surgipharm,DR. H.S. GHATAURA,DR. H.S. GHATAURA
KE,Surgipharm,DR. IGNATIUS  L. M MUTURI,DR. IGNATIUS MUTURI
KE,Surgipharm,DR. M.H.SHAH,DR. M.H.SHAH
KE,Surgipharm,DR. RAKESH RAJPAL,DR. RAKESH RAJPAL
KE,Surgipharm,DR. S.K. BHASIN,DR. S.K. BHASIN
KE,Surgipharm,DR. V. S. SUR,DR. V. S. SUR
KE,Surgipharm,DR. V.K.MAINI (CASH A/C),DR. V.K.MAINI (CASH A/C)
KE,Surgipharm,DR. WACHIRA HEALTH SERVICES LTD,DR. WACHIRA HEALTH SERVICES LTD
KE,Surgipharm,DR. WAGANA (CASH A/C) THE LILLY HEALTHCARE,THE LILLY HEALTHCARE
KE,Surgipharm,EAGLEPHARM CHEMISTS LTD,EAGLEPHARM CHEMIST LTD
KE,Surgipharm,EASTLEIGH PHARMACEUTICAL CO,EASTLEIGH PHARMACEUTICALS LTD
KE,Surgipharm,ELDOBASE CHEMISTS,ELDOBASE CHEMIST
KE,Surgipharm,ELDOCHEM PHARMACY LTD,ELDOCHEM PHARMACY LTD
KE,Surgipharm,ELDOHOSP PHARMACEUTICALS LTD,ELDOHOSP PHARMACEUTICALS LTD
KE,Surgipharm,ELEMENTAITA PHARMACEUTICALS,ELEMENTAITA PHARMACEUTICALS
KE,Surgipharm,ELIM CENTRAL PHARMACY,ELIM CENTRAL PHARMACY
KE,Surgipharm,ELMART PHARMA LTD,ELMART PHARMA LTD
KE,Surgipharm,EMALA CHEMIST,EMALA CHEMIST
KE,Surgipharm,EQUITY AFIA KAYOLE BURUBURU,EQUITY AFIA LIMITED
KE,Surgipharm,EQUITY AFIA KAYOLE/BURUBURU,EQUITY AFIA LIMITED
KE,Surgipharm,EQUITY AFIA THIKA,EQUITY AFIA LIMITED
KE,Surgipharm,ESCORTS PHARMACEUTICALS,ESCORTS PHARMACEUTICALS
KE,Surgipharm,ESMAC CHEMIST,ESMAC CHEMIST
KE,Surgipharm,EVERLYNE AYOTI,CASH SALE CUSTOMER
KE,Surgipharm,FAIZ PHARMACY,FAIZ PHARMACY - MOMBASA -
KE,Surgipharm,FAMILY MEDICAL SUPPLIES LTD.,FAMILY MEDICAL SUPPLIES LTD
KE,Surgipharm,FANSHO PHARMACY,FANSHO PHARMACY
KE,Surgipharm,FARMERS CHOICE LIMITED,FARMERS CHOICE LIMITED
KE,Surgipharm,FIELD TECHNOLOGY DEVELOPMENT PARTNERS LTD,FIELD TECHNOLOGY DEVELOPMENT PARTNERS LTD
KE,Surgipharm,FLAME TREE PHARMACY,FLAME TREE PHARMACY
KE,Surgipharm,FOCUS PHARMACEUTICALS LTD,FOCUS PHARMACEUTICALS LTD
KE,Surgipharm,FORCES MEM HOSP (SUSP A/C ),FORCES MEMORIAL HOSPITAL
KE,Surgipharm,FREB PHARMACY,FREB PHARMACEUTICALS LTD
KE,Surgipharm,FREETOWN CHEMIST,FREETOWN CHEMIST
KE,Surgipharm,FRIENDS CHEMIST CO.LTD,FRIENDS CHEMIST CO.LTD
KE,Surgipharm,FURAHA (K) LTD,FURAHA (K) LTD
KE,Surgipharm,FUSAM INVESTMENTS LTD,FUSAM INVESTMENTS LTD
KE,Surgipharm,GARDEN SPECIALIST HOSPITAL,Garden Specialist Hospital
KE,Surgipharm,GATHIMAINI PHARMACY CO. LTD,GATHIMAINI PHARMACY
KE,Surgipharm,GENERICS AFRICA LTD.,GENERIC AFRICA LTD
KE,Surgipharm,GERTRUDE'S CHILDREN HOSPITAL,GERTRUDE'S CHILDREN HOSPITAL
KE,Surgipharm,GOODLIFE PHARMACY LTD,GOODLIFE PHARMACY LIMITED
KE,Surgipharm,GREENLIFE PHARMA LTD,Greenlife Pharma Ltd
KE,Surgipharm,GREENSPAN CHEMISTS,GREENSPAN CHEMISTS
KE,Surgipharm,GURU NANAK R.S.HOSPITAL,GURU NANAK RAMGARHIA SIKH HOSPITAL
KE,Surgipharm,HALISI FAMILY HOSPITAL,HALISI FAMILY HOSPITAL
KE,Surgipharm,HALTONS PHARMA LTD,HALTONS LIMITED
KE,Surgipharm,HARIPHARM PHARMACY LTD,HARIPHARM PHARMACY LTD
KE,Surgipharm,HEALTH AID CHEMIST,HEALTH AID CHEMIST
KE,Surgipharm,HEALTH SOURCE MEDICAL LTD,HEALTH SOURCE MEDICAL CENTER
KE,Surgipharm,HEALTHGATE HOSPITAL LTD,HEALTHGATE HOSPITAL LTD
KE,Surgipharm,HEALTHWAY CHEMIST,HEALTHWAY CHEMIST - TOM MBOYA
KE,Surgipharm,HEALTHWAYS MEDICAL CENTRE(CASH A/C),HEALTHWAYS MEDICAL CENTER
KE,Surgipharm,HEMLOCK PHARMACY LTD,HEMLOCK PHARMACY LTD
KE,Surgipharm,HIFIN TECHNOSYS LIMITED,HIFIN TECHNOSYS LIMITED
KE,Surgipharm,HIGHCHEM PHARMACEUTICALS LTD,HIGHCHEM PHARMACEUTICALS
KE,Surgipharm,HIGHPHARM PHARMACEUTICALS LTD,HIGHCHEM PHARMACEUTICALS
KE,Surgipharm,HIGHRIDGE PHARMACY LTD,HIGHRIDGE PHARMACY LTD
KE,Surgipharm,HILLSIDE PHARMACY,HILLSIDE PHARMACY
KE,Surgipharm,HOPEPHARM PHARMACEUTICALS LTD.,HOPEPHARM PHARMACEUTICALS LTD
KE,Surgipharm,HOUGHTON MEDICAL CENTRE LTD,HOUGHTON MEDICAL CENTER LTD
KE,Surgipharm,IMARA MEDIPLUS LIMITED,IMARA MEDIPLUS LIMITED
KE,Surgipharm,INDEPENDENT PHARMACY LIMITED,INDEPENDENT PHARMACY LIMITED
KE,Surgipharm,INKAMED PHARMACEUTICALS - CC,INKAMED PHARMACEUTICALS
KE,Surgipharm,INKAMED PHARMACEUTICALS - TWN,INKAMED PHARMACEUTICALS
KE,Surgipharm,INSTANT PHARMACY,INSTANT PHARMACY
KE,Surgipharm,IOM REGIONAL OFFICE,IOM REGIONAL OFFFICE
KE,Surgipharm,ION KENYA LIMITED,ION KENYA
KE,Surgipharm,ISANDO PHARMACY LTD,ISANDO PHARMACY LTD
KE,Surgipharm,IVORY HEALTH SOLUTIONS,IVORY HEALTH SOLUTIONS
KE,Surgipharm,JACARANDA CHEMISTS,JACARANDA CHEMISTS LTD.
KE,Surgipharm,JACKS PHARMACY,JACKS PHARMACY LTD
KE,Surgipharm,JALARAM MEDICAL SERVICES,JALARAM MEDICAL CENTER
KE,Surgipharm,JAMB PHARMACY LIMITED,JAMB PHARMACY LIMITED
KE,Surgipharm,JAMBO MEDICAL STORES,JAMBO MEDICAL CLINIC - MOMBASA
KE,Surgipharm,JERUSALEM CHEMISTS,JERUPHARM CHEMISTS LTD
KE,Surgipharm,JOCHAM HOSPITAL,JOCHAM HOSPITAL LTD - MOMBASA
KE,Surgipharm,KAM PHARMACY (I.P.S. BUILDING),KAM PHARMACY LTD
KE,Surgipharm,KAM PHARMACY LTD (HARAMBEE AV),KAM PHARMACY LTD
KE,Surgipharm,KAREN CHEMISTS,KAREN CHEMIST
KE,Surgipharm,KARURI STORES,KARURI STORES PHARMACEUTICALS
KE,Surgipharm,KAVA KAVA PHARMACY LTD,KAVAKAVA PHARMACY LTD
KE,Surgipharm,KEMRI/WELLCOME TRUST RESEARCH,KEMRI WELLCOME TRUST RES.
KE,Surgipharm,KEMSA (SUSP-EUR),KEMSA
KE,Surgipharm,KEMSA (SUSP-USD),KEMSA
KE,Surgipharm,KENGELENI PHARMACY,KENGELENI PHARMACY
KE,Surgipharm,KENTONS LTD.,KENTONS LIMITED KISUMU AC
KE,Surgipharm,KENYA AIR FORCE (SUSP A/C),KENYA AIR FORCE
KE,Surgipharm,KENYA ASS.OF EPILEPTICS(KAWE),KENYA ASS.OF EPILEPTICS(KAWE)
KE,Surgipharm,KENYA ELECTRICITY GEN.CO.-NRB,KENYA ELECTRICITY COMPANY
KE,Surgipharm,KENYA NAVY (SUSP A/C),KENYA NAVY BASE
KE,Surgipharm,KENYATTA NATIONAL HOSPITAL(SUSP A/C),KENYATTA NATIONAL HOSPITAL
KE,Surgipharm,KENYATTA UNIVERSITY TEACHING REFERRAL AND RESEARCH HOSPITAL(SUSP A/C),KENYATTA UNIVERSITY TEACHING REFERRAL AND RESEARCH HOSPITAL
KE,Surgipharm,KERU HEALTHCARE LIMITED,KERU HEALTHCARE
KE,Surgipharm,KIJABE MEDICAL CENTRE,A.I.C. KIJABE HOSPITAL
KE,Surgipharm,KILIMANI CHILDREN'S CLINIC,KILIMANI CHILDREN'S CLINIC LTD
KE,Surgipharm,KIMTON PHARMACY LTD,KIMTON PHARMACY LTD
KE,Surgipharm,KING DAVIDS HOSPITAL,KING DAVIDS HOSPITAL
KE,Surgipharm,KISUMU SPECIALISTS HOSPITAL,KISUMU SPECIALISTS HOSPITAL
KE,Surgipharm,KITENGELA WEST HOSPITAL LTD,KITENGELA WEST HOSPITAL       
KE,Surgipharm,KLINCARE PHARMACY,KLINCARE PHARMACY
KE,Surgipharm,KRISHNA CHEMISTS LTD,KRISHNA CHEMIST LTD
KE,Surgipharm,KULAL INTERNATIONAL LTD.,KULAL INTERNATIONAL LTD
KE,Surgipharm,KWALE DISTRICT EYE CENTRE,KWALE DISTRICT EYE CENTRE
KE,Surgipharm,LABOREX KENYA,LABOREX (K) LTD
KE,Surgipharm,LAKEPHARM LIMITED,LAKEPHARM LIMITED KISUMU AC
KE,Surgipharm,LAKEVIEW ESTATE CHEMIST,LAKEVIEW ESTATE CHEMIST
KE,Surgipharm,LEBILLE PHARMACEUTICALS LTD,LEBILLE PHARMACEUTICALS
KE,Surgipharm,LELESHWA PHARMACY LIMITED,LELESHWA PHARMACY LIMITED
KE,Surgipharm,LENANA PHARMACEUTICALS LTD,LENANA PHARMACEUTICAL LTD
KE,Surgipharm,LIFECARE HOSPITALS LIMITED,LIFECARE HOSPITALS LIMITED
KE,Surgipharm,LIFEMED PHARMACY LTD,LIFEMED PHARMACY LTD
KE,Surgipharm,LIFEMED PHARMACY LTD (KILELESHWA),LIFEMED PHARMACY LTD
KE,Surgipharm,LIMELIGHT CHEMIST LTD,LIMELIGHT CHEMIST
KE,Surgipharm,LIONS SIGHT FIRST EYE HOSPITAL,LIONS SIGHTFIRST EYE HOSPITAL
KE,Surgipharm,LIPTER CHEMIST,Lipter Chemist
KE,Surgipharm,LUCKY SUMMER CHEMIST LTD,LUCKY SUMMER CHEMIST LTD(CASH A/C)
KE,Surgipharm,LUCKY SUMMER CHEMIST LTD(CASH A/C),LUCKY SUMMER CHEMIST LTD(CASH A/C)
KE,Surgipharm,M. I. B. M. -,M. I. B. M. -
KE,Surgipharm,M.P SHAH HOSPITAL,M.P SHAH HOSPITAL
KE,Surgipharm,MAIRUNE CHEMIST LTD,MAIRUNE CHEMIST LTD- MDS - PH
KE,Surgipharm,MAKADARA CHEMISTS,MAKADARA CHEMISTS LTD. - MOMBASA
KE,Surgipharm,MAKUPA CHEMISTS,MAKUPA CHEMISTS LIMITED - MOMBASA
KE,Surgipharm,MALIBA PHARMACY,MALIBA PHARMACY ELDORET ACC
KE,Surgipharm,MALIBU PHARMACY,MALIBU PHARMACY
KE,Surgipharm,MALINDI CARE SERVICES,MALINDI CARE SERVICES
KE,Surgipharm,MALINDI CHEMISTS LTD,MALINDI CHEMISTS LTD
KE,Surgipharm,MANDERA DRUGMART,MANDERA DRUG MART
KE,Surgipharm,MANTISA HEALTHCARE SERVICES,MANTISA HEALTHCARE SERVICES
KE,Surgipharm,MARIAN PHARMACY,MARIAN PHARMACY
KE,Surgipharm,MEDECINS SANS FRONTIERS-HOLLAN,MEDECINS SANS FRONTIERS-HOLLAN
KE,Surgipharm,MEDICAL FUND OF S.G.S.S.,MEDICAL FUND OF S.G.S.S.
KE,Surgipharm,MEDICART LIMITED,MEDICART LIMITED
KE,Surgipharm,MEDICHEM PHARMACY,MEDICHEM PHARMACY
KE,Surgipharm,MEDIMART HEALTHCARE LTD - THIKA ROAD,MEDIMART HEALTHCARE LTD - THIKA ROAD
KE,Surgipharm,MEDINA PHARMACY,MEDINA PHARMACY LIMITED
KE,Surgipharm,MEDINA REMEDIES LTD,MEDINA REMEDIES LIMITED       
KE,Surgipharm,MEDIO-CARE PHARMACEUTICALS LTD,MEDIO CARE PHARMACEUTICALS - HOMABAY
KE,Surgipharm,MEDIPOINT (E.A) LTD.,MEDIPOINT PHARMACEUTICALS LTD
KE,Surgipharm,MEDS PHARMACEUTICALS LTD,MEDS PHARMACEUTICALS LTD
KE,Surgipharm,MEDSOURCE GROUP LTD,MEDSOURCE GROUP LTD
KE,Surgipharm,MEGALIFE LIMITED,MEGALIFE LTD
KE,Surgipharm,MENELIK MEDICAL CENTRE,MENELIK MEDICAL CENTRE
KE,Surgipharm,MERIDIAN EQUATOR HOSPITAL - 1,MERIDIAN EQUATOR HOSPITAL - 1
KE,Surgipharm,METROPOLITAN CHEMISTS & CO.LTD,METROPOLITAN CHEMISTS LTD
KE,Surgipharm,METROPOLITAN HOSPITAL LTD,METROPOLITAN HOSPITAL LTD
KE,Surgipharm,MICHELLE VITOR,MICHELLE VITOR
KE,Surgipharm,MIKIDANI MEDICAL CENTRE,MIKINDANI MEDICAL CENTRE-MDS
KE,Surgipharm,MISSION FOR ESSENTIAL DRUGS,MISSION FOR ESSENTIAL DRUGS (M.E.D.S)
KE,Surgipharm,MITI HEALTH,MITI HEALTH LIMITED CASH
KE,Surgipharm,MITRA PHARMACEUTICAL(CASH AC),MITRA PHARMACEUTICALS - KAKAMEGA
KE,Surgipharm,MITRA PHARMACEUTICALS,MITRA PHARMACEUTICALS - KAKAMEGA
KE,Surgipharm,MODESTY MEDICAL CENTRE LTD,MODESTY PHARMACEUTICALS LTD
KE,Surgipharm,MOI TEACHING AND REFERRAL HOSP (SUSP A/C),MOI TEACHING & REFERRAL HOSP (M.T.R.H)
KE,Surgipharm,MOMBASA CANCER CENTRE LLP,MOMBASA CANCER CENTRE LLP
KE,Surgipharm,MOMBASA HOSPITAL ASS.,MOMBASA HOSPITAL
KE,Surgipharm,MOTHER AND CHILD HOSPITAL LTD,MOTHER AND CHILD HOSPITAL LTD
KE,Surgipharm,MOTHERS PHARMACY,MOTHERS PHARMACY - ELD ACC
KE,Surgipharm,MPESA CASH SALE,MPESA CASH SALE
KE,Surgipharm,MPESA CASH SALE- ACONITE PHARMACEUTICAL,MPESA CASH SALE
KE,Surgipharm,MPESA CASH SALE- AGEAN HEALTHCARE LTD,AGEAN HEALTHCARE-CASH
KE,Surgipharm,MPESA CASH SALE- AGMART PHARMACEUTICALS,AGMART PHARMACEUTICALS
KE,Surgipharm,MPESA CASH SALE- AHWAN PHARMACEUTICALS,AHWAN PHARMACEUTICALS
KE,Surgipharm,MPESA CASH SALE- ALFAJIRI PHARMACEUTICALS,ALFAJIRI PHARMACEUTICALS LTD
KE,Surgipharm,MPESA CASH SALE- ANGRAC COMPANY LTD,CASH SALE CUSTOMER
KE,Surgipharm,MPESA CASH SALE- AVILA CHEMIST,CASH SALE CUSTOMER
KE,Surgipharm,MPESA CASH SALE- BERIWAH CHEMIST,BERIWAH CHEMIST
KE,Surgipharm,MPESA CASH SALE- BEVEL CHEMIST,BEVEL CHEMIST
KE,Surgipharm,MPESA CASH SALE- BLUE OAK PHARMACY,BLUE OAK PHARMACY-CASH
KE,Surgipharm,MPESA CASH SALE- BMED HEALTHCARE LTD,CASH SALE CUSTOMER
KE,Surgipharm,MPESA CASH SALE- BREEZEPHARM CHEMIST,BREEZEPHARM CHEMIST
KE,Surgipharm,MPESA CASH SALE- BRETT PHARMACY,CASH SALE CUSTOMER
KE,Surgipharm,MPESA CASH SALE- BRIAN NDUNGU c/o KENYA DIABETES MANAGEMENT,KENYA DIABETES MANAGEMENT
KE,Surgipharm,MPESA CASH SALE- BROSCH PHARMACY,BROSCH PHARMACY
KE,Surgipharm,MPESA CASH SALE- BROSCH PHARMACY.,BROSCH PHARMACY
KE,Surgipharm,MPESA CASH SALE- CANARY PHARMACY,CANARY PHARMACY
KE,Surgipharm,MPESA CASH SALE- CECLAN CHEMIST,CECLAN PHARMACY
KE,Surgipharm,MPESA CASH SALE- CECLAN PHARMACY,CECLAN PHARMACY
KE,Surgipharm,MPESA CASH SALE- CENTRAL BANK CLINIC,CENTRAL BANK OF KENYA
KE,Surgipharm,MPESA CASH SALE- CHOICE PHARMACEUTICAL,CHOICE PHARMACEUTICALS
KE,Surgipharm,MPESA CASH SALE- CROSSAL CHEMICAL SERVICES,CROSSAL CHEMICAL SERVICES
KE,Surgipharm,MPESA CASH SALE- DALAL PARKROAD PHARMACY,DALAL PARKROAD PHARMACY
KE,Surgipharm,MPESA CASH SALE- DALCAMED LIMITED,CASH SALE CUSTOMER
KE,Surgipharm,MPESA CASH SALE- DANTRIO PHARMACY,DANTRIO PHARMACY
KE,Surgipharm,MPESA CASH SALE- DAVID MULI C/O AGA KHAN HOSPITAL,CASH SALE CUSTOMER
KE,Surgipharm,MPESA CASH SALE- DOUBLE B MEDICAL FACILITY,DOUBLE B MEDICAL FACILITY
KE,Surgipharm,MPESA CASH SALE- DR CHANA C/O  NAIROBI WEST HOSPITAL,NAIROBI WEST HOSPITAL
KE,Surgipharm,MPESA CASH SALE- DR CHANA C/O NAIROBI WEST HOSPITAL,NAIROBI WEST HOSPITAL
KE,Surgipharm,MPESA CASH SALE- DR DEVIN VAGHELA,CASH SALE CUSTOMER
KE,Surgipharm,MPESA CASH SALE- DR IRENE,CASH SALE CUSTOMER
KE,Surgipharm,MPESA CASH SALE- DR IRENE C/O  LITTLEROCK CLINIC,LITTLEROCK CLINIC
KE,Surgipharm,MPESA CASH SALE- DR KAIRU,CASH SALE CUSTOMER
KE,Surgipharm,MPESA CASH SALE- DR KIRTIDA ARCHARYA C/O SHEHNAZ,CASH SALE CUSTOMER
KE,Surgipharm,MPESA CASH SALE- DR MUNYI,CASH SALE CUSTOMER
KE,Surgipharm,MPESA CASH SALE- DR. MATHARU,CASH SALE CUSTOMER
KE,Surgipharm,MPESA CASH SALE- DR.KAIRU,CASH SALE CUSTOMER
KE,Surgipharm,MPESA CASH SALE- ECODRUGS CHEMIST,ECODRUGS PHARMACY LTD
KE,Surgipharm,MPESA CASH SALE- EPICARE PHARMACEUTICALS,EPICARE PHARMACEUTICALS
KE,Surgipharm,MPESA CASH SALE- ERIMED CHEMIST,ERIMED CHEMIST
KE,Surgipharm,MPESA CASH SALE- FARMATICA PHARMACEUTICAL,FARMATICA PHARMACEUTICALS
KE,Surgipharm,MPESA CASH SALE- FASTMED CHEMIST,FASTMED CHEMIST
KE,Surgipharm,MPESA CASH SALE- FEWAPE CHEMIST,FEWAPE CHEMIST
KE,Surgipharm,MPESA CASH SALE- FLOSSYVIA PHARMACEUTICALS,FLOSSYVIA PHARMACEUTICALS
KE,Surgipharm,MPESA CASH SALE- FLOSYVIA PHARMACEUTICALS,FLOSYVIA PHARMACEUTICALS
KE,Surgipharm,MPESA CASH SALE- FRONTAL CHEMIST,FRONTAL CHEMIST
KE,Surgipharm,MPESA CASH SALE- GARDEN OF SILOAM,SILOAM HOSPITAL
KE,Surgipharm,MPESA CASH SALE- GEORGIOLANI LIMITED,GEORGIOLANI PHARMACY-CASH
KE,Surgipharm,MPESA CASH SALE- GIANT CHEMIST,Giant Chemist-Cash
KE,Surgipharm,MPESA CASH SALE- GO TO HEALTHCARE LIMITED,GO TO HEALTHCARE LIMITED
KE,Surgipharm,MPESA CASH SALE- GOODHOPE PHARMACY,GOODHOPE PHARMACY
KE,Surgipharm,MPESA CASH SALE- GRIFFINS PHAMACEUTICAL,GRIFFINS PHARMACY-CASH
KE,Surgipharm,MPESA CASH SALE- HELLO PHARMACY,HELLO PHARMACY
KE,Surgipharm,MPESA CASH SALE- HOMETOWN COMMUNITY PHARMACY,HOMETOWN COMMUNITY PHARMACY
KE,Surgipharm,MPESA CASH SALE- JAIT PHARMACY,JAIT PHARMACY
KE,Surgipharm,MPESA CASH SALE- JAYLEEN CHEMIST,JAYLEEN CHEMIST
KE,Surgipharm,MPESA CASH SALE- JOAGPHARM,JOAGPHARM
KE,Surgipharm,MPESA CASH SALE- JOSPHAT C/O NJIMIA,CASH SALE CUSTOMER
KE,Surgipharm,MPESA CASH SALE- KABATI CHEMIST,KABATI CHEMIST
KE,Surgipharm,MPESA CASH SALE- KENYATTA TEACHING R.&R HSP,CASH SALE CUSTOMER
KE,Surgipharm,MPESA CASH SALE- KENYATTA UNIVERSITY T R R HSP,KENYATTA UNIVERSITY TEACHING REFERRAL AND RESEARCH HOSPITAL
KE,Surgipharm,MPESA CASH SALE- KENYATTA UNIVERSITY T.R.R.H-NRB,KENYATTA UNIVERSITY TEACHING REFERRAL AND RESEARCH HOSPITAL
KE,Surgipharm,MPESA CASH SALE- LAVIDA PHARMACEUTICALS- RUAI,CASH SALE CUSTOMER
KE,Surgipharm,MPESA CASH SALE- LEADING PHARMACY,LEADING PHARMACY
KE,Surgipharm,MPESA CASH SALE- LEKAM CHEMIST,LEKAM CHEMIST
KE,Surgipharm,MPESA CASH SALE- LOXINE PHARMACY,LOXINE PHARMACY
KE,Surgipharm,MPESA CASH SALE- M.S HEALTHCARE LIMITED,M.S HEALTHCARE LIMITED
KE,Surgipharm,MPESA CASH SALE- MEDCARE PHARMACY,MEDCARE PHARMACY
KE,Surgipharm,MPESA CASH SALE- MEDISPEC KENYA LIMITED,MEDISPEC (K) LTD.
KE,Surgipharm,MPESA CASH SALE- MUGI CHEMIST,MUGI CHEMIST
KE,Surgipharm,MPESA CASH SALE- MWEA PLAIN PHARMACY,MWEA PLAIN PHARMACY
KE,Surgipharm,MPESA CASH SALE- MWENGA PHARMACEUTICALS,MWENGA PHARMACEUTICALS
KE,Surgipharm,MPESA CASH SALE- NAZARENE CLINIC,NAZARENE CLINIC
KE,Surgipharm,MPESA CASH SALE- NEW JERUSALEM PHARMACY,NEW JERUSALEM PHARMACY
KE,Surgipharm,MPESA CASH SALE- NICOMED PHARMACEUTICALS,NICOMED PHARMACEUTICALS
KE,Surgipharm,MPESA CASH SALE- OPTIHEALTH PHARMACY LIMITED,OPTIHEALTH PHARMACY LIMITED
KE,Surgipharm,MPESA CASH SALE- OPTILIPE PHARMACY,OPTILIPE PHARMACY
KE,Surgipharm,MPESA CASH SALE- PALMED PHARMACEUTICALS,PALMED PHARMACEUTICALS
KE,Surgipharm,MPESA CASH SALE- PAYLESS PHARMACY,CASH SALE CUSTOMER
KE,Surgipharm,MPESA CASH SALE- PHARMA CARE CHEMIST,PHARMA CARE CHEMIST
KE,Surgipharm,MPESA CASH SALE- PHARMACLAN PHARMACEUTICALS,PHARMACLAN - CASH
KE,Surgipharm,MPESA CASH SALE- PRIMELIFE PHARMACEUTICAL,MPESA CASH SALE
KE,Surgipharm,MPESA CASH SALE- PROF. E. N. OGOLA,CASH SALE CUSTOMER
KE,Surgipharm,MPESA CASH SALE- RIDGE CHEMIST,RIDGES CHEMIST-CASH
KE,Surgipharm,MPESA CASH SALE- RIGHT CARE CLINIC,RIGHT CARE CLINIC
KE,Surgipharm,MPESA CASH SALE- RITE CARE CLINIC & PHARMACY,CASH SALE CUSTOMER
KE,Surgipharm,MPESA CASH SALE- RYAVIL PHARMACY,RYAVIL PHARMACY
KE,Surgipharm,MPESA CASH SALE- SAMUCHEM CHEMIST,SAMUCHEM CHEMIST
KE,Surgipharm,MPESA CASH SALE- SATELLITE PHARMACY,SATELLITE PHARMACY
KE,Surgipharm,MPESA CASH SALE- SELFLESS PHARMACY,SELFLESS PHARMACY
KE,Surgipharm,MPESA CASH SALE- SMARTLIFE CHEMIST,SMARTLIFE CHEMIST
KE,Surgipharm,MPESA CASH SALE- TASEK-CARE,CASH SALE CUSTOMER
KE,Surgipharm,MPESA CASH SALE- TERRIME CHEMIST,TERRIME CHEMIST
KE,Surgipharm,MPESA CASH SALE- TRANSPAN CHEMIST,TRANSPAN CHEMIST
KE,Surgipharm,MPESA CASH SALE- WAKWA CHEMIST,WAKWA CHEMIST
KE,Surgipharm,MPESA CASH SALE- YANAH PHARMACEUTICAL LTD,YANAH PHARMACEUTICAL LTD
KE,Surgipharm,MUIGANANIA PHARMACY,MUIGANANIA PHARMACY
KE,Surgipharm,MUTINDWA CHEMISTS,MUTINDWA CHEMISTS LTD
KE,Surgipharm,MVULE PHARMACY LIMITED,MVULE PHARMACY
KE,Surgipharm,MX RX ONE STOP PHARMACY LTD,MX RX ONE STOP PHARMACY LTD
KE,Surgipharm,NAIROBI EAST HOSPITAL LTD,NAIROBI EAST HOSPITAL LTD
KE,Surgipharm,NAIROBI ENTERPRISES LIMITED,NAIROBI ENTERPRISES LIMITED
KE,Surgipharm,NAIROBI HOSPITAL,THE NAIROBI HOSPITAL
KE,Surgipharm,NAIROBI SOUTH HOSPITAL,NAIROBI SOUTH HOSPITAL
KE,Surgipharm,NAIROBI WEST HOSPITAL,NAIROBI WEST HOSPITAL
KE,Surgipharm,NATIONAL SECURITY INTEL. SERV.,NATIONAL SECURITY INTEL. SERV.
KE,Surgipharm,NAUSHAD CHAMPSI,NAUSHAD CHAMPSI
KE,Surgipharm,NAZARETH HOSPITAL,NAZARETH HOSPITAL
KE,Surgipharm,NEW LEMUMA PHARMACY CO LTD,NEW LEMUMA PHARMACY CO LTD
KE,Surgipharm,NEW VIPINGO PHARMACY,NEW VIPINGO PHARMACY
KE,Surgipharm,NILA PHARMACY LTD,NILA PHARMACEUTICALS
KE,Surgipharm,NILSON PHARMACEUTICALS,NILSON PHARMACEUTICALS LTD
KE,Surgipharm,NJIMIA PHARMACEUTICALS LTD,NJIMIA PHARMACEUTICALS LTD
KE,Surgipharm,NORTHERN PHARMACY LIMITED,NORTHERN PHARMACY
KE,Surgipharm,NYAGANO PHARMACY LTD,NYAGANO PHARMACY LTD
KE,Surgipharm,NYALI BRIDGE MOMBASA HOSPITAL,NYALI BRIDGE MOMBASA HOSPITAL
KE,Surgipharm,NYERI MED SERV LTD/OUTSPAN HSP,NYERI MED SERV LTD/OUTSPAN HSP
KE,Surgipharm,O.P.CHAUDRY (CASH A/C),O.P.CHAUDRY (CASH A/C)
KE,Surgipharm,OCHIENG CHEMIST LTD-UKUNDA,OCHIENG CHEMIST
KE,Surgipharm,OMAERA PHARMACEUTICALS LTD.,OMAERA PHARMACEUTICALS LTD.
KE,Surgipharm,OPERA PHARMA (K) LTD.,OPERA PHARMA (K) LTD
KE,Surgipharm,ORION PHARMACY LIMITED[FOREST BRANCH],ORION PHARMACY LTD.
KE,Surgipharm,ORION PHARMACY-LANDMARK,ORION PHARMACY LTD.
KE,Surgipharm,ORION PHARMACY-MUTHAIGA,ORION PHARMACY LTD.
KE,Surgipharm,OTHAYA CHEMIST,OTHAYA CHEMISTS
KE,Surgipharm,P.C.E.A. KIKUYU HOSPITAL,P.C.E.A. KIKUYU HOSPITAL
KE,Surgipharm,PALM BEACH HOSPITAL,PALM BEACH HOSPITAL
KE,Surgipharm,PANACEA MEDS SOLUTIONS,PANACEA MEDS SOLUTIONS
KE,Surgipharm,PANDYA MEMORIAL HOSPITAL,PANDYA MEMORIAL HOSPITAL - MOMBASA
KE,Surgipharm,PANKAJ PATEL,PANKAJ PATEL
KE,Surgipharm,PHADAM HOSPITAL CO LTD,PHADAM HOSPITAL CO LTD
KE,Surgipharm,PHARMA & ALLIED LOGISTICS LTD,PHARMA & ALLIED LOGISTICS LTD
KE,Surgipharm,PHARMACEUTICA (1985) Ltd,PHARMACEUTICA (1985) LTD
KE,Surgipharm,PHARMACY LINKS,PHARMACY LINKS C/O MURAVEJ HOLDINGS
KE,Surgipharm,PHARMAPLUS PHARMACEUTICALS LTD,PHARMAPLUS PHARMACEUTICALS LTD
KE,Surgipharm,PHARMART ABC CHEMIST LTD,PHARMART CHEMIST LIMITED.
KE,Surgipharm,PHARMART CHEMISTS LTD,PHARMART CHEMIST LIMITED.
KE,Surgipharm,PHARMART GALLERIA CHEMIST LTD,PHARMART CHEMIST LIMITED.
KE,Surgipharm,PHILMED PHARMACY LTD.,PHILMED LIMITED
KE,Surgipharm,PILOT PHARMACEUTICALS LTD.,PILOT PHARMACEUTICAL LIMITED
KE,Surgipharm,PORTAL PHARMACY LTD,PORTAL PHARMACY
KE,Surgipharm,PORTAL PHARMACY LTD (TWO RIVERS),PORTAL PHARMACY
KE,Surgipharm,PREMIER HOSPITAL LTD,PREMIER HOSPITAL LIMITED
KE,Surgipharm,PRIMEPHARM PHARMACY AND MEDICAL CENTER,PRIMEPHARM PHARMACY AND MEDICAL CENTER
KE,Surgipharm,QUEENS VILLE PHARMACY LTD.,QUEENS VILLE PHARMACY LTD
KE,Surgipharm,RAJ PHARMACY LIMITED,RAJ PHARMACY LIMITED
KE,Surgipharm,RAKESH VINAYAK,RAKESH VINAYAK
KE,Surgipharm,RAM PHARMACEUTICALS LTD,RAM PHARMACEUTICALS LIMITED
KE,Surgipharm,RAMOGI CHEMISTS LTD,RAMOGI CHEMIST LTD
KE,Surgipharm,RANGECHEM PHARMACEUTICALS LTD,RANGECHEM PHARMACEUTICALS LTD
KE,Surgipharm,RANIATAWAKAL CHEMIST,RANIATAWAKAL CHEMIST
KE,Surgipharm,RAZPHA CHEMIST,RAZPHA CHEMIST
KE,Surgipharm,REALE MEDICAL CENTRE LTD.,REALE MEDICAL CENTRE LTD.
KE,Surgipharm,RELIANCE HOSPITAL LIMITED,RELIANCE HOSPITAL LIMITED     
KE,Surgipharm,RELIANT PHARMACEUTICAL LIMITED(CASH A/C),RELIANT PHARMACEUTICAL LTD
KE,Surgipharm,RIDDHI PHARMACY KAKAMEGA(CASH A/C),RIDDHI PHARMACEUTICALS
KE,Surgipharm,RUJCHEM PHARMACY,RUJCHEM PHARMACY
KE,Surgipharm,SABOTI CHEMIST,SABOTI CHEMIST KISUMU AC
KE,Surgipharm,SAEED PHARMACY,SAFEDOSE PHARMACY & DIAGNOSTICS LTD(CASH A/C)
KE,Surgipharm,SAGITARIX LTD,SAGITARIX LTD
KE,Surgipharm,SAIFEE FOUNDATION MED CENTRE,SAIFEE FOUNDATION & CENTRE
KE,Surgipharm,SAKO PHARMACEUTICALS,SAKO PHARMACEUTICALS
KE,Surgipharm,SALAMA PHARMACEUTICALS,SALAMA PHARMACEUTICALS
KE,Surgipharm,SATYA PHARMACY LIMITED,SATYA PHARMACY LIMITED
KE,Surgipharm,SAVANI MEDICAL CENTRE,SAVANI MEDICAL CENTRE
KE,Surgipharm,SAYYIDA FATIMAH HOSPITAL,SAYYIDA FATIMAH HOSPITAL - MOMBASA
KE,Surgipharm,SEA-LANE PHARMACEUTICALS,SEA-LANE PHARMACEUTICALS
KE,Surgipharm,SHIELD PHARMACEUTICALS LTD,SHIELD PHARMACEUTICALS LIMITED
KE,Surgipharm,SHIFA CHEM LIMITED,SHIFA CHEM LTD. - MOMBASA
KE,Surgipharm,SHORELINE PHARMACY,SHORELINE PHARMACY
KE,Surgipharm,SIERRA DISPENSING CHEMISTS LTD,SIERRA DISPENSING CHEMISTS LTD
KE,Surgipharm,SIYARA PHARMACY LIMITED,SIYARA PHARMACY LTD
KE,Surgipharm,SKY HEALTHCARE LIMITED,SKY HEALTHCARE LIMITED
KE,Surgipharm,SKY HEALTHCARE LIMITED (MEDR),SKY HEALTHCARE LIMITED (MEDR)
KE,Surgipharm,SMASHCHEM PHARMACY LTD,SMASHCHEM PHARMACY LTD
KE,Surgipharm,SONACHEM PHARMACEUTICALS,SONACHEM PHARMACEUTICALS
KE,Surgipharm,SOUTH B HOSPITAL LTD,SOUTH B HOSPITAL LTD
KE,Surgipharm,ST. LUKES ORTHOPAEDIC & TRAUMA HOSPITAL,ST LUKES ORTHOPAEDICS & TRAUMA HOSPITAL
KE,Surgipharm,ST. MATIA MULUMBA HOSPITAL,ST. MATIA MULUMBA HOSPITAL
KE,Surgipharm,STAFF CASH SALES,CASH SALES STAFF
KE,Surgipharm,STAR HOSPITAL,STAR HOSPITAL
KE,Surgipharm,SUNCITY CHEMISTS LTD.,SUNCITY CHEMISTS LTD
KE,Surgipharm,SUNMED PHARMACY LTD,SUNMED PHARMACY LTD
KE,Surgipharm,SUPREME PHARMACY LTD,SUPREME PHARMACY LTD
KE,Surgipharm,SURGIK PHARMACEUTICALS,SURGIK PHARMACEUTICALS LTD
KE,Surgipharm,SVG HEALTHCARE LTD.,SVG HEALTHCARE LTD
KE,Surgipharm,SYMBIO HEALTHCARE LIMITED,SYMBIO HEALTHCARE LIMITED
KE,Surgipharm,SYNAPSE PHARMACEUTICALS LTD,SYNAPSE PHARMACEUTICALS LTD
KE,Surgipharm,TEALANDS CHEMISTS LIMITED(KCH),TEALANDS CHEMISTS LIMITED
KE,Surgipharm,TEMPLE STORES PHARMACEUTICALS,TEMPLE STORES PHARMACEUTICALS
KE,Surgipharm,THE KAREN HOSPITAL LIMITED,THE KAREN HOSPITAL
KE,Surgipharm,THE MATER HOSPITAL,MATER MISEROCORDIAE HOSPITAL
KE,Surgipharm,THE NAIROBI WOMENS HOSPITAL,NAIROBI WOMENS HOSPITAL LTD
KE,Surgipharm,THWAKE PHARMACY,THWAKE PHARMACY
KE,Surgipharm,TOPLINE PHARMACEUTICALS LTD,TOPLINE PHARMACY-CASH
KE,Surgipharm,TOUCHSTONE PHARMACEUTICALS LTD.,TOUCHSTONE PHARMACEUTICALS LTD
KE,Surgipharm,TRANSCHEM PHARMACY,TRANSCHEM PHARMACEUTICALS
KE,Surgipharm,TRANSLAB PHARMACEUTICALS LTD,TRANSLAB PHARMACEUTICALS LTD
KE,Surgipharm,TRANSMEGA KENYA LIMITED,TRANSMEGA KENYA LTD
KE,Surgipharm,TRANSWIDE PHARMACY,TRANSWIDE PHARMACEUTICALS LTD
KE,Surgipharm,TRIDEV PHARMACY,TRIDEV PHARMACEUTICAL LTD
KE,Surgipharm,TWO FAMILIES LTD - KAREN,TWO FAMILIES LTD - KAREN
KE,Surgipharm,TWO FAMILIES LTD - PARKLANDS LIMURU ROAD,TWO FAMILIES LIMITED - PHARMACY
KE,Surgipharm,TWO FAMILIES LTD - WAIYAKI WAY,TWO FAMILIES LIMITED - PHARMACY
KE,Surgipharm,UNILEVER TEA KENYA LIMITED,UNILEVER TEA KENYA LIMITED
KE,Surgipharm,UNIVERSITY OF NAIROBI - STAFF,UNIVERSITY OF NAIROBI - CLINIC
KE,Surgipharm,UPESI PHARMACY,UPESI PHARMACY
KE,Surgipharm,UPPER HILL MEDICAL CENTRE LTD,UPPER HILL MEDICAL CENTRE LTD
KE,Surgipharm,UPPER MATHIOYA CHEMISTS,UPPER MATHIOYA CHEMISTS
KE,Surgipharm,UTABORA PHARMACY,UTABORA PHARMACY
KE,Surgipharm,UTAMADUNI PHARMACEUTICALS LTD,UTAMADUNI PHARMACEUTICALS LTD
KE,Surgipharm,VETERAN PHARMACEUTICALS LTD,VETERAN PHARMACEUTICALS LTD
KE,Surgipharm,VICTORIA HEALTHCARE LTD,VICTORIA HEALTHCARE LTD
KE,Surgipharm,VIRDI PHARMACY LTD,VIRDI PHARMACY LTD
KE,Surgipharm,WELLCARE MEDICAL CENTER,WELLCARE MEDICAL CENTER
KE,Surgipharm,WELLMED PHARMACEUTICALS LTD,WELLMED PHARMACEUTICALS LTD
KE,Surgipharm,WOODLEY PHARMACEUTICALS,WOODLEY PHARMACEUTICALS
KE,Surgipharm,YAYA CHEMISTS,YAYA CHEMIST
KE,Surgipharm,ZOEB PHARMACY,ZOEB PHARMACY-CASH
